{"type":"FeatureCollection","features":[{"type":"Feature","geometry":{"type":"MultiPolygon","coordinates":[[[[9.387,55.9241],[9.4105,55.9147],[9.4699,55.9068],[9.5583,55.9054],[9.559,55.9159],[9.5784,55.918],[9.5956,55.9094],[9.6341,55.9245],[9.6402,55.9157],[9.6946,55.9037],[9.6886,55.865],[9.7243,55.8665],[9.7348,55.853],[9.7453,55.8492],[9.7445,55.8376],[9.7547,55.8295],[9.7803,55.8217],[9.7898,55.8114],[9.817,55.8024],[9.839,55.8082],[9.851,55.799],[9.9181,55.8068],[9.9471,55.8069],[9.9465,55.8225],[9.9604,55.8313],[10.0042,55.8251],[10.0499,55.8236],[10.066,55.8081],[10.0177,55.7789],[10.0174,55.7656],[10.0252,55.7586],[10.0771,55.7528],[10.0535,55.7456],[10.0377,55.735],[10.0034,55.7298],[10.0001,55.7184],[10.0147,55.7154],[10.028,55.7008],[10,55.7008],[9.9754,55.6953],[9.9139,55.692],[9.8616,55.6813],[9.8495,55.6743],[9.8211,55.6688],[9.8082,55.6781],[9.7852,55.6815],[9.746,55.6808],[9.7135,55.703],[9.672,55.7122],[9.6845,55.7359],[9.6815,55.7495],[9.6519,55.7596],[9.6246,55.7583],[9.5928,55.7525],[9.5849,55.7641],[9.5967,55.773],[9.5857,55.7813],[9.5643,55.7729],[9.5409,55.7837],[9.5203,55.7857],[9.5194,55.7959],[9.508,55.8025],[9.5037,55.8271],[9.4834,55.8327],[9.4473,55.8347],[9.4602,55.8619],[9.4304,55.8867],[9.4125,55.8924],[9.3864,55.9192],[9.387,55.9241]]],[[[10.062,55.833],[10.0764,55.8347],[10.0957,55.8295],[10.0902,55.8183],[10.0699,55.8212],[10.062,55.833]]]]},"properties":{"kode":"766","navn":"Hedensted"}},{"type":"Feature","geometry":{"type":"Polygon","coordinates":[[[8.7622,55.5534],[8.8012,55.5368],[8.8138,55.5209],[8.8571,55.5125],[8.8594,55.4998],[8.87,55.4923],[8.8619,55.4713],[8.8358,55.4526],[8.8465,55.4502],[8.8456,55.4377],[8.8673,55.4373],[8.867,55.4089],[8.9202,55.4086],[8.9371,55.3933],[8.9327,55.3811],[8.9107,55.3813],[8.8974,55.3648],[8.8734,55.3663],[8.8867,55.3451],[8.8995,55.3414],[8.892,55.3231],[8.9271,55.2999],[8.9137,55.2906],[8.9079,55.279],[8.9389,55.2734],[8.9328,55.2442],[8.9364,55.2207],[8.9061,55.2277],[8.86,55.2249],[8.8086,55.2306],[8.7773,55.2385],[8.7232,55.2447],[8.6586,55.2393],[8.6613,55.2473],[8.6492,55.2774],[8.6587,55.3054],[8.6429,55.3084],[8.5864,55.289],[8.5697,55.2678],[8.5442,55.2656],[8.5322,55.2819],[8.5431,55.2909],[8.5615,55.2962],[8.5807,55.2936],[8.6424,55.3114],[8.6586,55.3083],[8.6706,55.3265],[8.6569,55.3488],[8.6494,55.3711],[8.6327,55.3979],[8.6203,55.4281],[8.5433,55.4561],[8.5249,55.4517],[8.4727,55.4581],[8.4509,55.4543],[8.4161,55.4836],[8.3543,55.5213],[8.3216,55.5432],[8.2947,55.5648],[8.2966,55.5743],[8.3142,55.5786],[8.328,55.5813],[8.3338,55.5906],[8.3607,55.5914],[8.4108,55.572],[8.4032,55.5574],[8.4296,55.5495],[8.4411,55.5632],[8.4687,55.5714],[8.4707,55.5849],[8.4871,55.5817],[8.5097,55.5866],[8.5462,55.5841],[8.5793,55.5527],[8.5975,55.5451],[8.6014,55.5286],[8.661,55.5468],[8.6835,55.5429],[8.6924,55.5481],[8.7255,55.5277],[8.7445,55.5483],[8.7622,55.5534]]]},"properties":{"kode":"561","navn":"Esbjerg"}},{"type":"Feature","geometry":{"type":"Polygon","coordinates":[[[9.6902,57.3556],[9.7067,57.3523],[9.7373,57.3373],[9.7713,57.3071],[9.7839,57.2932],[9.783,57.271],[9.7467,57.2525],[9.739,57.2375],[9.8369,57.2168],[9.8404,57.2109],[9.866,57.2047],[9.8828,57.1805],[9.9151,57.165],[9.9191,57.1478],[9.8973,57.137],[9.8424,57.1426],[9.8432,57.1347],[9.8088,57.1349],[9.783,57.1301],[9.7429,57.1323],[9.7504,57.1213],[9.7776,57.1057],[9.7715,57.086],[9.7474,57.0668],[9.7022,57.0625],[9.6489,57.0789],[9.6778,57.0894],[9.671,57.0967],[9.6384,57.0884],[9.6148,57.0744],[9.6227,57.0574],[9.6118,57.0496],[9.5831,57.0486],[9.5755,57.0409],[9.5454,57.0448],[9.4882,57.0459],[9.4266,57.0368],[9.3757,57.0237],[9.3534,57.0236],[9.2982,57.0076],[9.282,57.0142],[9.2752,57.0287],[9.2554,57.0301],[9.2452,57.0248],[9.2079,57.0183],[9.2002,57.0279],[9.1705,57.0226],[9.1522,57.0281],[9.1358,57.041],[9.0959,57.0313],[9.0769,57.0543],[9.0611,57.0506],[9.0595,57.09],[9.0351,57.1235],[9.0299,57.1587],[9.0917,57.1449],[9.1453,57.1389],[9.1865,57.1379],[9.2492,57.1417],[9.2801,57.1451],[9.3209,57.1545],[9.3672,57.1564],[9.3995,57.1636],[9.5257,57.2173],[9.5576,57.2386],[9.5969,57.2702],[9.6447,57.3111],[9.6902,57.3556]]]},"properties":{"kode":"849","navn":"Jammerbugt"}},{"type":"Feature","geometry":{"type":"Polygon","coordinates":[[[8.524,56.5433],[8.5165,56.5329],[8.4906,56.5418],[8.4826,56.5363],[8.4909,56.5247],[8.4971,56.4966],[8.4704,56.4566],[8.4499,56.4334],[8.43,56.4277],[8.4103,56.4324],[8.3938,56.4069],[8.4331,56.399],[8.4317,56.3889],[8.3979,56.3899],[8.3466,56.3764],[8.3452,56.3714],[8.3194,56.3581],[8.299,56.3729],[8.2781,56.3508],[8.2629,56.3473],[8.2444,56.3505],[8.2367,56.358],[8.2007,56.3707],[8.1864,56.3797],[8.1681,56.4],[8.1695,56.4169],[8.1617,56.4358],[8.1274,56.4318],[8.1321,56.4218],[8.1238,56.4137],[8.1356,56.3896],[8.1284,56.3799],[8.1169,56.3794],[8.125,56.4735],[8.115,56.5143],[8.1236,56.5585],[8.169,56.66],[8.2031,56.7022],[8.2223,56.7068],[8.2302,56.6828],[8.2059,56.6669],[8.1958,56.6554],[8.1862,56.6342],[8.1993,56.634],[8.2335,56.6232],[8.2292,56.608],[8.2514,56.5999],[8.2916,56.5989],[8.3067,56.5893],[8.2843,56.5861],[8.2873,56.5749],[8.3079,56.5717],[8.3285,56.5779],[8.3475,56.5755],[8.3877,56.579],[8.439,56.5668],[8.4878,56.5525],[8.5002,56.5449],[8.524,56.5433]]]},"properties":{"kode":"665","navn":"Lemvig"}},{"type":"Feature","geometry":{"type":"MultiPolygon","coordinates":[[[[9.63,55.0104],[9.6829,54.9949],[9.697,54.9881],[9.7135,54.9903],[9.7378,54.9875],[9.7496,54.9591],[9.7565,54.9265],[9.7805,54.9049],[9.7565,54.8971],[9.7181,54.9035],[9.7015,54.8954],[9.7391,54.8822],[9.7415,54.8714],[9.7585,54.8617],[9.7614,54.8504],[9.7527,54.8403],[9.7266,54.8351],[9.7058,54.8459],[9.7065,54.8524],[9.6804,54.8572],[9.6633,54.8545],[9.6388,54.8609],[9.6363,54.8668],[9.6568,54.8782],[9.6091,54.9038],[9.6067,54.9108],[9.6432,54.9158],[9.6534,54.9093],[9.6745,54.9132],[9.666,54.921],[9.6359,54.9332],[9.6182,54.9331],[9.5974,54.9142],[9.5981,54.9069],[9.5752,54.902],[9.5776,54.89],[9.5568,54.8762],[9.5449,54.8806],[9.5239,54.8768],[9.5097,54.8922],[9.5346,54.8931],[9.5199,54.9045],[9.4683,54.9085],[9.4719,54.9237],[9.466,54.9343],[9.4816,54.9385],[9.5039,54.9592],[9.5177,54.9623],[9.5328,54.9451],[9.5496,54.9438],[9.5831,54.9558],[9.5962,54.9725],[9.6096,54.9775],[9.6286,55],[9.63,55.0104]]],[[[9.864,54.9413],[9.844,54.9441],[9.8326,54.9569],[9.8456,54.9686],[9.8226,54.9794],[9.7964,54.9815],[9.7809,54.988],[9.7777,55.0001],[9.7869,55.0116],[9.736,55.0081],[9.6929,55.0082],[9.6594,55.0272],[9.6843,55.0348],[9.6441,55.0391],[9.6392,55.0512],[9.6674,55.0659],[9.6995,55.0775],[9.754,55.0834],[9.7727,55.0796],[9.8208,55.0626],[9.8279,55.0557],[9.8529,55.0466],[9.8785,55.0268],[9.8976,55.0203],[9.9262,55.019],[9.9556,55.0111],[9.9954,54.9857],[10.0445,54.9303],[10.0515,54.9052],[10.0672,54.8917],[10.0714,54.877],[10.0645,54.8734],[10.0345,54.875],[10.0061,54.8651],[9.9903,54.8532],[9.9353,54.8547],[9.9024,54.8652],[9.8889,54.8654],[9.8678,54.8771],[9.8942,54.895],[9.9172,54.884],[9.9521,54.8742],[9.9824,54.8586],[9.9974,54.8608],[9.9818,54.8779],[9.9492,54.893],[9.9183,54.9001],[9.8999,54.908],[9.8863,54.9067],[9.8426,54.8908],[9.8056,54.8944],[9.7696,54.9186],[9.7634,54.9341],[9.7594,54.9712],[9.7904,54.9689],[9.8204,54.9417],[9.835,54.9336],[9.864,54.9413]]]]},"properties":{"kode":"540","navn":"Sønderborg"}},{"type":"Feature","geometry":{"type":"Polygon","coordinates":[[[12.4162,55.753],[12.4193,55.773],[12.4389,55.7767],[12.4584,55.7727],[12.4876,55.7728],[12.4795,55.7604],[12.5005,55.7596],[12.5007,55.7475],[12.5181,55.7415],[12.5215,55.7278],[12.5135,55.7199],[12.4843,55.7248],[12.4586,55.7168],[12.4454,55.7404],[12.4464,55.7498],[12.4162,55.753]]]},"properties":{"kode":"159","navn":"Gladsaxe"}},{"type":"Feature","geometry":{"type":"Polygon","coordinates":[[[12.0086,56.031],[12.0512,56.0234],[12.0499,56.0033],[12.0649,55.9991],[12.0884,56.0015],[12.1279,55.9866],[12.1259,55.9725],[12.0855,55.9491],[12.0822,55.9296],[12.0891,55.9222],[12.1069,55.9216],[12.1166,55.9057],[12.0882,55.8948],[12.0647,55.8792],[12.0464,55.9],[12.0481,55.9145],[12.0386,55.9312],[12.0226,55.9467],[12.0165,55.9618],[11.9972,55.9677],[11.974,55.9663],[11.944,55.9532],[11.8905,55.9418],[11.8547,55.945],[11.8434,55.9669],[11.8554,55.9766],[11.8928,55.988],[11.9246,56.0014],[12.0086,56.031]]]},"properties":{"kode":"260","navn":"Halsnæs"}},{"type":"Feature","geometry":{"type":"Polygon","coordinates":[[[12.3876,55.6127],[12.3788,55.6149],[12.3466,55.6376],[12.3413,55.642],[12.3527,55.6549],[12.365,55.6562],[12.4039,55.6165],[12.3876,55.6127]]]},"properties":{"kode":"187","navn":"Vallensbæk"}},{"type":"Feature","geometry":{"type":"MultiPolygon","coordinates":[[[[12.6479,55.6463],[12.6578,55.6358],[12.681,55.6289],[12.6815,55.6136],[12.6703,55.6066],[12.6324,55.6087],[12.6223,55.6034],[12.6114,55.5761],[12.5863,55.5797],[12.5569,55.5745],[12.5368,55.5728],[12.5143,55.5908],[12.5089,55.607],[12.5132,55.6138],[12.5718,55.6158],[12.5897,55.6221],[12.5923,55.638],[12.6273,55.6414],[12.6479,55.6463]]],[[[12.7391,55.6282],[12.7339,55.6361],[12.7469,55.666],[12.7715,55.6713],[12.779,55.6608],[12.7812,55.6323],[12.7919,55.6095],[12.7676,55.6057],[12.7391,55.6282]]]]},"properties":{"kode":"185","navn":"Tårnby"}},{"type":"Feature","geometry":{"type":"Polygon","coordinates":[[[11.8466,55.5636],[11.8602,55.5581],[11.875,55.5449],[11.9023,55.5431],[11.9139,55.5299],[11.911,55.5142],[11.9226,55.5122],[11.9268,55.4757],[11.9455,55.461],[11.9338,55.4488],[11.936,55.4325],[11.9575,55.4238],[11.9542,55.4096],[11.9635,55.402],[11.9686,55.3908],[11.9469,55.375],[11.929,55.3674],[11.8884,55.3673],[11.8689,55.3629],[11.8656,55.3519],[11.8597,55.3563],[11.8072,55.3714],[11.7863,55.3687],[11.738,55.401],[11.7318,55.4083],[11.7052,55.4051],[11.7077,55.4127],[11.6919,55.4185],[11.7016,55.4264],[11.7108,55.4455],[11.6886,55.4484],[11.6873,55.4576],[11.6641,55.4646],[11.6598,55.4736],[11.6402,55.4796],[11.6368,55.4908],[11.6442,55.5066],[11.6634,55.5128],[11.6801,55.5089],[11.6988,55.5166],[11.7381,55.5178],[11.7391,55.5405],[11.7537,55.547],[11.7666,55.539],[11.8089,55.5437],[11.8203,55.5494],[11.826,55.5613],[11.8466,55.5636]]]},"properties":{"kode":"329","navn":"Ringsted"}},{"type":"Feature","geometry":{"type":"MultiPolygon","coordinates":[[[[10.7183,54.945],[10.7241,54.9543],[10.7695,54.9807],[10.7898,54.9821],[10.8089,54.9945],[10.8237,55.0104],[10.8304,55.0241],[10.8464,55.0342],[10.8489,55.0451],[10.8617,55.0601],[10.8765,55.1022],[10.8979,55.1237],[10.9016,55.1386],[10.9204,55.1485],[10.9398,55.1647],[10.9546,55.1574],[10.9357,55.0879],[10.9173,55.0447],[10.9084,55.0334],[10.8882,54.9877],[10.8578,54.9675],[10.8292,54.9302],[10.8268,54.9169],[10.8164,54.9043],[10.8148,54.8857],[10.7763,54.8293],[10.7746,54.8189],[10.7547,54.7873],[10.7358,54.7436],[10.7166,54.7275],[10.6862,54.7237],[10.6677,54.74],[10.6752,54.7594],[10.6601,54.7797],[10.6585,54.7974],[10.6325,54.8199],[10.6027,54.8304],[10.6209,54.8355],[10.6467,54.8302],[10.6664,54.8573],[10.6686,54.8767],[10.6885,54.8732],[10.7271,54.8774],[10.7072,54.8972],[10.6766,54.9019],[10.6837,54.9213],[10.7029,54.9373],[10.7183,54.945]]],[[[10.6285,54.9036],[10.6133,54.8899],[10.5933,54.9054],[10.5911,54.9147],[10.6104,54.9189],[10.6285,54.9036]]]]},"properties":{"kode":"482","navn":"Langeland"}},{"type":"Feature","geometry":{"type":"MultiPolygon","coordinates":[[[[8.4317,56.3889],[8.4331,56.399],[8.3938,56.4069],[8.4103,56.4324],[8.43,56.4277],[8.4499,56.4334],[8.4704,56.4566],[8.4971,56.4966],[8.4909,56.5247],[8.4826,56.5363],[8.4906,56.5418],[8.5165,56.5329],[8.524,56.5433],[8.5492,56.5572],[8.5676,56.5619],[8.5764,56.5545],[8.5735,56.5435],[8.5854,56.5385],[8.5969,56.5232],[8.5835,56.5006],[8.6224,56.4743],[8.6542,56.4668],[8.7124,56.4761],[8.7026,56.4689],[8.7054,56.4509],[8.6817,56.413],[8.6636,56.3989],[8.6262,56.4057],[8.6237,56.415],[8.585,56.4239],[8.5747,56.4108],[8.5526,56.4144],[8.5471,56.4229],[8.509,56.4208],[8.5075,56.4011],[8.492,56.3974],[8.4689,56.4018],[8.4544,56.391],[8.4317,56.3889]]],[[[8.4041,56.6704],[8.4053,56.6759],[8.431,56.6721],[8.4441,56.6804],[8.4696,56.685],[8.4766,56.6765],[8.4982,56.6666],[8.5278,56.6746],[8.5391,56.6834],[8.5572,56.6875],[8.5839,56.6774],[8.5699,56.6547],[8.5844,56.6419],[8.5942,56.6633],[8.6308,56.6587],[8.6364,56.6402],[8.6271,56.6282],[8.5959,56.6367],[8.5964,56.6202],[8.5876,56.6009],[8.5515,56.6004],[8.515,56.5893],[8.5022,56.6052],[8.4923,56.6275],[8.4263,56.6643],[8.4041,56.6704]]],[[[8.6141,56.5507],[8.6307,56.5744],[8.6518,56.5682],[8.6331,56.5533],[8.6141,56.5507]]]]},"properties":{"kode":"671","navn":"Struer"}},{"type":"Feature","geometry":{"type":"Polygon","coordinates":[[[12.4389,55.7767],[12.4193,55.773],[12.4162,55.753],[12.3943,55.7583],[12.3581,55.7541],[12.3334,55.7598],[12.3,55.7635],[12.3084,55.777],[12.3366,55.8023],[12.3262,55.8124],[12.3142,55.8243],[12.3549,55.8379],[12.3684,55.8515],[12.3928,55.8396],[12.3975,55.8305],[12.4196,55.8265],[12.4259,55.8126],[12.4121,55.8015],[12.4165,55.7951],[12.4133,55.7757],[12.4389,55.7767]]]},"properties":{"kode":"190","navn":"Furesø"}},{"type":"Feature","geometry":{"type":"Polygon","coordinates":[[[9.6608,56.3152],[9.6758,56.3104],[9.6788,56.2997],[9.7005,56.3023],[9.7279,56.293],[9.7484,56.2957],[9.7653,56.2891],[9.7808,56.2711],[9.7707,56.2626],[9.7912,56.2495],[9.7869,56.2339],[9.768,56.2119],[9.7781,56.1968],[9.8054,56.1887],[9.8366,56.1928],[9.8588,56.1894],[9.8583,56.1687],[9.8415,56.171],[9.8157,56.1645],[9.7803,56.164],[9.7456,56.1586],[9.7513,56.138],[9.6962,56.1138],[9.6521,56.1217],[9.6331,56.1062],[9.6357,56.0891],[9.644,56.0815],[9.6405,56.0646],[9.6063,56.0701],[9.5805,56.0626],[9.5892,56.0484],[9.6085,56.0342],[9.6019,56.0251],[9.6042,56.0101],[9.5823,56.0024],[9.5681,56.01],[9.538,56.0139],[9.5259,56.0081],[9.5031,56.0082],[9.4898,55.9953],[9.4623,55.994],[9.436,56.0048],[9.4182,56.0286],[9.3841,56.0251],[9.3452,56.0271],[9.348,56.0539],[9.3081,56.0761],[9.3187,56.0892],[9.3457,56.0982],[9.3817,56.0883],[9.4189,56.0948],[9.4112,56.1049],[9.4038,56.1291],[9.4226,56.1367],[9.3933,56.1451],[9.3863,56.1517],[9.3909,56.173],[9.3717,56.1735],[9.3513,56.1932],[9.322,56.1999],[9.3146,56.2065],[9.2797,56.2052],[9.2324,56.2258],[9.2222,56.2339],[9.2225,56.2576],[9.231,56.282],[9.2562,56.2899],[9.2776,56.307],[9.2975,56.3122],[9.3079,56.3327],[9.3265,56.3436],[9.339,56.3414],[9.3753,56.3448],[9.3693,56.3608],[9.4037,56.3496],[9.4383,56.3696],[9.4809,56.3526],[9.4607,56.3421],[9.4721,56.3239],[9.4891,56.3132],[9.5132,56.3156],[9.5472,56.3132],[9.5852,56.3197],[9.606,56.307],[9.6387,56.3146],[9.6608,56.3152]]]},"properties":{"kode":"740","navn":"Silkeborg"}},{"type":"Feature","geometry":{"type":"Polygon","coordinates":[[[12.1899,55.5658],[12.2176,55.5581],[12.255,55.5536],[12.2346,55.5372],[12.2161,55.5089],[12.2089,55.5087],[12.1371,55.5132],[12.104,55.527],[12.0961,55.5254],[12.1058,55.5388],[12.1103,55.5553],[12.1354,55.5505],[12.149,55.5653],[12.1737,55.5546],[12.1899,55.5658]]]},"properties":{"kode":"269","navn":"Solrød"}},{"type":"Feature","geometry":{"type":"Polygon","coordinates":[[[12.5229,55.9134],[12.5493,55.8765],[12.5622,55.8626],[12.5119,55.866],[12.4982,55.8647],[12.4927,55.8772],[12.4705,55.8745],[12.4604,55.8674],[12.4267,55.8674],[12.3981,55.8775],[12.3975,55.887],[12.4237,55.889],[12.4373,55.8966],[12.4505,55.8938],[12.4792,55.9021],[12.5109,55.9054],[12.5229,55.9134]]]},"properties":{"kode":"223","navn":"Hørsholm"}},{"type":"Feature","geometry":{"type":"Polygon","coordinates":[[[12.5229,55.9134],[12.5109,55.9054],[12.4792,55.9021],[12.4505,55.8938],[12.4373,55.8966],[12.4237,55.889],[12.3975,55.887],[12.3885,55.897],[12.3731,55.8992],[12.3947,55.9111],[12.3703,55.9274],[12.3671,55.9404],[12.3461,55.9489],[12.3636,55.9539],[12.3579,55.9682],[12.3776,56.0016],[12.3896,56.0143],[12.4107,56.011],[12.4294,55.9986],[12.4425,56.0042],[12.4744,56.0059],[12.4703,55.9929],[12.5022,55.9841],[12.5202,55.9863],[12.5486,55.977],[12.5243,55.94],[12.5185,55.9183],[12.5229,55.9134]]]},"properties":{"kode":"210","navn":"Fredensborg"}},{"type":"Feature","geometry":{"type":"Polygon","coordinates":[[[9.9909,56.2056],[9.9972,56.2155],[10.0224,56.2231],[10.0775,56.2284],[10.0835,56.2229],[10.1165,56.216],[10.1225,56.2247],[10.1267,56.2624],[10.1353,56.2676],[10.1254,56.2808],[10.1323,56.3055],[10.15,56.3088],[10.1644,56.3045],[10.1882,56.3097],[10.1979,56.3243],[10.2213,56.3293],[10.2342,56.3184],[10.2763,56.3156],[10.2605,56.2801],[10.2831,56.2894],[10.3171,56.2935],[10.3369,56.2864],[10.3813,56.2856],[10.3892,56.2782],[10.3731,56.2696],[10.3615,56.2718],[10.3457,56.2628],[10.3392,56.236],[10.3058,56.2256],[10.2807,56.1999],[10.2644,56.1968],[10.2379,56.1834],[10.2242,56.1708],[10.2324,56.1654],[10.2232,56.1464],[10.2094,56.1357],[10.2275,56.1203],[10.2494,56.084],[10.2613,56.0584],[10.2711,56.0481],[10.2657,56.0261],[10.2449,56.0247],[10.2277,56.0125],[10.2167,56.011],[10.1955,56.0185],[10.1506,56.0193],[10.1395,56.0017],[10.1094,56.0061],[10.0407,55.9966],[10.0289,56.0096],[10.048,56.0126],[10.0589,56.0319],[10.048,56.0426],[10.0709,56.0471],[10.0929,56.0704],[10.0763,56.0772],[10.0422,56.1043],[10.024,56.1042],[10.0083,56.1124],[9.99,56.1083],[9.9746,56.1156],[9.9739,56.1279],[9.9581,56.1303],[9.9486,56.1444],[9.9745,56.1594],[9.9599,56.1728],[9.9968,56.1787],[9.988,56.1957],[9.9909,56.2056]]]},"properties":{"kode":"751","navn":"Aarhus"}},{"type":"Feature","geometry":{"type":"MultiPolygon","coordinates":[[[[9.7011,55.351],[9.6875,55.3562],[9.7095,55.3646],[9.7214,55.3573],[9.7011,55.351]]],[[[9.9813,55.5302],[9.9857,55.5159],[10.0041,55.5076],[10.0297,55.5035],[10.0418,55.4916],[10.0434,55.4806],[10.0667,55.4547],[10.0694,55.4469],[10.0899,55.4319],[10.0656,55.4317],[10.0388,55.4263],[10.0155,55.4283],[9.989,55.4233],[9.9928,55.4104],[10.0041,55.4028],[10.0036,55.3881],[9.9752,55.3773],[9.9432,55.383],[9.9321,55.3583],[9.8986,55.3399],[9.8674,55.3512],[9.8295,55.352],[9.7867,55.3637],[9.7876,55.374],[9.8315,55.3795],[9.8397,55.3925],[9.7984,55.4158],[9.8248,55.4137],[9.8256,55.4238],[9.7983,55.4313],[9.7506,55.4336],[9.7437,55.4488],[9.725,55.4598],[9.7283,55.4667],[9.7656,55.4511],[9.7844,55.4401],[9.8131,55.433],[9.8198,55.4412],[9.8037,55.45],[9.7823,55.4552],[9.7774,55.4696],[9.7585,55.4672],[9.7419,55.4733],[9.7288,55.4935],[9.7017,55.4945],[9.6815,55.5069],[9.6847,55.5187],[9.7386,55.5055],[9.7529,55.509],[9.7678,55.5254],[9.7652,55.5443],[9.7805,55.5426],[9.8065,55.5521],[9.8345,55.5548],[9.8521,55.5454],[9.8494,55.5251],[9.8715,55.512],[9.9166,55.5092],[9.9471,55.5142],[9.9813,55.5302]]],[[[9.6866,55.4823],[9.6756,55.4913],[9.6923,55.4979],[9.7163,55.4788],[9.7016,55.4748],[9.6866,55.4823]]]]},"properties":{"kode":"410","navn":"Middelfart"}},{"type":"Feature","geometry":{"type":"Polygon","coordinates":[[[9.0299,57.1587],[9.0351,57.1235],[9.0595,57.09],[9.0611,57.0506],[9.0769,57.0543],[9.0959,57.0313],[9.0616,57.0229],[9.0436,57.0082],[9.0208,57.0233],[8.9815,57.0165],[8.9644,57.004],[8.9454,57.0067],[8.9264,57.0009],[8.911,56.9839],[8.8903,56.9911],[8.8521,56.9958],[8.8312,56.9938],[8.8284,56.9866],[8.847,56.973],[8.7918,56.9601],[8.7855,56.9522],[8.7569,56.9456],[8.6941,56.9541],[8.6704,56.9522],[8.657,56.9343],[8.6621,56.9238],[8.6398,56.9114],[8.6397,56.8996],[8.6252,56.8886],[8.6246,56.8673],[8.6328,56.8645],[8.597,56.834],[8.5745,56.8186],[8.534,56.8174],[8.5347,56.8058],[8.5178,56.8062],[8.4871,56.7959],[8.4687,56.7812],[8.4994,56.7536],[8.4888,56.7472],[8.4805,56.7244],[8.4834,56.7165],[8.5155,56.7143],[8.5257,56.6979],[8.512,56.6822],[8.4902,56.6839],[8.4803,56.6918],[8.4571,56.6968],[8.431,56.6915],[8.4053,56.6759],[8.4041,56.6704],[8.3554,56.6773],[8.3523,56.6882],[8.3315,56.7079],[8.3166,56.7155],[8.3057,56.7325],[8.3024,56.7536],[8.2931,56.7627],[8.2654,56.7759],[8.2536,56.7741],[8.2498,56.7076],[8.2343,56.7132],[8.2241,56.7319],[8.2277,56.781],[8.2369,56.8041],[8.2574,56.8387],[8.2982,56.8901],[8.3613,56.9585],[8.3899,56.9697],[8.4478,57.0171],[8.4758,57.0442],[8.5023,57.0468],[8.539,57.0712],[8.591,57.1198],[8.617,57.1259],[8.6797,57.1141],[8.741,57.0993],[8.7922,57.1038],[8.8379,57.1113],[8.897,57.1273],[8.9558,57.152],[8.9809,57.1578],[9.0043,57.1555],[9.0299,57.1587]]]},"properties":{"kode":"787","navn":"Thisted"}},{"type":"Feature","geometry":{"type":"Polygon","coordinates":[[[12.2162,55.4275],[12.3029,55.4007],[12.3356,55.4],[12.3772,55.3913],[12.4319,55.3578],[12.4447,55.3478],[12.4544,55.3309],[12.445,55.3146],[12.455,55.2936],[12.4509,55.2824],[12.4103,55.259],[12.3956,55.2536],[12.3698,55.2541],[12.3541,55.236],[12.3411,55.2384],[12.284,55.24],[12.2836,55.2641],[12.265,55.2863],[12.2334,55.2942],[12.2192,55.2915],[12.2144,55.3054],[12.2317,55.3141],[12.2345,55.3314],[12.1898,55.3306],[12.155,55.3358],[12.1498,55.3426],[12.1132,55.3523],[12.1099,55.3726],[12.1376,55.3714],[12.1559,55.3809],[12.1703,55.3741],[12.1921,55.3857],[12.187,55.3929],[12.1936,55.4057],[12.2138,55.4099],[12.2162,55.4275]]]},"properties":{"kode":"336","navn":"Stevns"}},{"type":"Feature","geometry":{"type":"MultiPolygon","coordinates":[[[[12.1941,55.0395],[12.1934,55.0479],[12.2121,55.0583],[12.2282,55.0496],[12.2159,55.0336],[12.1941,55.0395]]],[[[12.0114,55.147],[12.0278,55.1438],[12.0496,55.1262],[12.086,55.1299],[12.0861,55.1226],[12.1138,55.1241],[12.1304,55.1315],[12.1625,55.1252],[12.1836,55.1118],[12.1705,55.099],[12.1705,55.0875],[12.1545,55.0762],[12.1366,55.0824],[12.1198,55.0778],[12.1221,55.0626],[12.1412,55.0477],[12.1391,55.0384],[12.171,55.0039],[12.1685,54.9953],[12.1214,54.995],[12.0999,54.9821],[12.052,54.9626],[12.0254,54.9627],[11.9978,54.9689],[11.9599,54.9872],[11.9512,54.9977],[11.919,54.999],[11.8973,54.9944],[11.8655,55.0067],[11.8495,55.0174],[11.8291,55.024],[11.8094,55.0377],[11.7659,55.0497],[11.7298,55.0549],[11.6846,55.0688],[11.6864,55.0727],[11.7364,55.0637],[11.7469,55.0644],[11.8,55.0502],[11.8253,55.0414],[11.8312,55.0522],[11.8091,55.0719],[11.7432,55.0932],[11.72,55.1131],[11.7274,55.1211],[11.7627,55.1194],[11.7684,55.129],[11.7829,55.1329],[11.8163,55.1309],[11.8215,55.1249],[11.8493,55.1149],[11.8701,55.13],[11.8821,55.1271],[11.8982,55.1373],[11.9271,55.1402],[11.9513,55.1549],[11.9634,55.1397],[11.9815,55.1396],[12.0114,55.147]]],[[[12.3217,54.9856],[12.3,54.9878],[12.2799,54.9852],[12.2706,54.9981],[12.2824,55.0095],[12.2701,55.0286],[12.2351,55.0491],[12.2635,55.0605],[12.2815,55.0409],[12.3074,55.0293],[12.3282,55.0266],[12.3881,55.0272],[12.4209,55.0224],[12.4632,55.0226],[12.5219,55.0078],[12.5471,54.9807],[12.5526,54.9583],[12.5409,54.9463],[12.5091,54.9435],[12.461,54.9559],[12.4282,54.9616],[12.3825,54.9654],[12.3592,54.9644],[12.3231,54.956],[12.2888,54.9412],[12.244,54.9111],[12.2305,54.8955],[12.2069,54.8816],[12.1803,54.8785],[12.1437,54.8807],[12.1246,54.897],[12.1038,54.9048],[12.073,54.9082],[12.0028,54.9222],[11.9937,54.9336],[12.0206,54.9328],[12.0319,54.9385],[12.0692,54.9384],[12.0871,54.9218],[12.0836,54.9084],[12.1041,54.9051],[12.1192,54.9328],[12.1454,54.9417],[12.1213,54.9541],[12.1454,54.9686],[12.1633,54.9718],[12.1717,54.9854],[12.2028,54.9778],[12.2067,54.9667],[12.2281,54.9739],[12.2734,54.9842],[12.2826,54.98],[12.2724,54.9648],[12.291,54.9651],[12.3217,54.9856]]]]},"properties":{"kode":"390","navn":"Vordingborg"}},{"type":"Feature","geometry":{"type":"MultiPolygon","coordinates":[[[[11.3493,55.7575],[11.372,55.7485],[11.3723,55.7364],[11.3997,55.739],[11.4131,55.733],[11.4064,55.7117],[11.3878,55.6993],[11.3838,55.6867],[11.3735,55.684],[11.3783,55.6657],[11.3885,55.6572],[11.3517,55.642],[11.3784,55.6387],[11.3714,55.6276],[11.3994,55.6014],[11.4042,55.5878],[11.4364,55.5795],[11.4317,55.5612],[11.452,55.5615],[11.4579,55.55],[11.4428,55.5439],[11.418,55.5486],[11.4027,55.5462],[11.3805,55.5537],[11.3373,55.5486],[11.3408,55.5365],[11.3778,55.5209],[11.4111,55.522],[11.4223,55.4959],[11.4008,55.4917],[11.3965,55.4773],[11.356,55.4586],[11.3381,55.467],[11.3271,55.4781],[11.3084,55.4737],[11.3051,55.4666],[11.27,55.4618],[11.2451,55.4747],[11.2138,55.4622],[11.1907,55.4627],[11.1776,55.476],[11.1781,55.4893],[11.1643,55.5044],[11.1508,55.5089],[11.1366,55.5232],[11.1108,55.5116],[11.0805,55.515],[11.0883,55.5339],[11.1151,55.537],[11.1427,55.5351],[11.1576,55.557],[11.1504,55.5854],[11.1298,55.6122],[11.1106,55.6238],[11.0262,55.6523],[10.9977,55.6558],[10.9437,55.6589],[10.9334,55.6635],[10.9408,55.6737],[10.9646,55.6683],[10.9988,55.6692],[11.0677,55.661],[11.0919,55.669],[11.0922,55.6767],[11.0617,55.6823],[11.0241,55.6982],[10.9945,55.7241],[10.9683,55.7296],[10.9169,55.7275],[10.8857,55.735],[10.8977,55.7437],[10.9241,55.7495],[10.9455,55.7501],[10.9865,55.7465],[11.0433,55.7319],[11.0833,55.7357],[11.1277,55.7522],[11.1536,55.7508],[11.178,55.7545],[11.1788,55.7469],[11.1967,55.7319],[11.2125,55.7325],[11.228,55.7426],[11.2545,55.7299],[11.2658,55.7304],[11.3038,55.7445],[11.3115,55.7543],[11.3493,55.7575]]],[[[11.2168,55.8548],[11.2056,55.8615],[11.1615,55.8693],[11.1341,55.881],[11.1166,55.8964],[11.0848,55.9047],[11.0836,55.918],[11.1159,55.912],[11.1181,55.9065],[11.1465,55.8969],[11.1985,55.8675],[11.2134,55.8641],[11.2168,55.8548]]]]},"properties":{"kode":"326","navn":"Kalundborg"}},{"type":"Feature","geometry":{"type":"MultiPolygon","coordinates":[[[[9.63,55.0104],[9.6286,55],[9.6096,54.9775],[9.5962,54.9725],[9.5831,54.9558],[9.5496,54.9438],[9.5328,54.9451],[9.5177,54.9623],[9.5039,54.9592],[9.4816,54.9385],[9.466,54.9343],[9.4719,54.9237],[9.4683,54.9085],[9.5199,54.9045],[9.5346,54.8931],[9.5097,54.8922],[9.5239,54.8768],[9.5094,54.8714],[9.4842,54.8494],[9.4624,54.8392],[9.4312,54.832],[9.418,54.8322],[9.411,54.8421],[9.383,54.8392],[9.3709,54.8195],[9.3549,54.8144],[9.342,54.8036],[9.2705,54.8121],[9.2501,54.8096],[9.2354,54.8354],[9.2403,54.85],[9.1552,54.8707],[9.1107,54.874],[9.0908,54.8702],[9.0479,54.872],[9.0269,54.8815],[9.0323,54.8867],[9.0308,54.9057],[9.0153,54.9155],[9.0049,54.9286],[9.0072,54.9387],[9.0276,54.9442],[9.0249,54.9617],[9.0597,54.9693],[9.0694,54.9773],[9.0938,54.9813],[9.0697,55.0129],[9.0733,55.0201],[9.0925,55.0243],[9.0876,55.0329],[9.1159,55.0444],[9.1126,55.0503],[9.1412,55.0573],[9.1353,55.0798],[9.1487,55.0991],[9.1686,55.0939],[9.1969,55.0932],[9.2081,55.1051],[9.2472,55.122],[9.2495,55.1394],[9.2722,55.131],[9.2882,55.1359],[9.2963,55.1527],[9.295,55.1668],[9.3187,55.1671],[9.3387,55.1572],[9.3555,55.1565],[9.3917,55.1489],[9.4101,55.1537],[9.4538,55.1464],[9.4743,55.1314],[9.4685,55.1165],[9.4972,55.1189],[9.5199,55.1095],[9.5387,55.0922],[9.5506,55.0875],[9.5506,55.0753],[9.5252,55.0586],[9.5015,55.0467],[9.465,55.0481],[9.4421,55.0407],[9.4231,55.0424],[9.4238,55.026],[9.4482,55.019],[9.4956,55.0148],[9.5217,55.0255],[9.5698,55.0335],[9.5823,55.044],[9.5997,55.0393],[9.63,55.0104]]],[[[9.5528,55.1108],[9.545,55.1245],[9.5618,55.1294],[9.5733,55.1162],[9.5528,55.1108]]]]},"properties":{"kode":"580","navn":"Aabenraa"}},{"type":"Feature","geometry":{"type":"Polygon","coordinates":[[[8.7622,55.5534],[8.7445,55.5483],[8.7255,55.5277],[8.6924,55.5481],[8.6835,55.5429],[8.661,55.5468],[8.6014,55.5286],[8.5975,55.5451],[8.5793,55.5527],[8.5462,55.5841],[8.5097,55.5866],[8.4871,55.5817],[8.4707,55.5849],[8.4687,55.5714],[8.4411,55.5632],[8.4296,55.5495],[8.4032,55.5574],[8.4108,55.572],[8.3607,55.5914],[8.3338,55.5906],[8.328,55.5813],[8.3142,55.5786],[8.3049,55.5906],[8.2684,55.5959],[8.2483,55.581],[8.2366,55.5668],[8.2368,55.5551],[8.2521,55.5381],[8.2692,55.5349],[8.2548,55.5243],[8.2846,55.5105],[8.3059,55.4964],[8.3064,55.4813],[8.2872,55.4787],[8.2096,55.519],[8.1767,55.5323],[8.0753,55.5581],[8.1278,55.6487],[8.1512,55.6927],[8.1658,55.726],[8.1764,55.7693],[8.171,55.8154],[8.184,55.819],[8.1799,55.8306],[8.2041,55.8324],[8.2284,55.8255],[8.2249,55.8136],[8.2446,55.8116],[8.2711,55.7972],[8.2841,55.8015],[8.3037,55.7974],[8.3218,55.801],[8.3508,55.8223],[8.38,55.8015],[8.4034,55.8026],[8.4407,55.7881],[8.4494,55.7764],[8.4622,55.7808],[8.4947,55.7768],[8.5139,55.7876],[8.5086,55.7984],[8.5128,55.8103],[8.5463,55.8223],[8.5323,55.8412],[8.5666,55.8499],[8.5927,55.8349],[8.6258,55.8449],[8.6573,55.8443],[8.6762,55.8483],[8.708,55.8378],[8.7069,55.8247],[8.7224,55.8138],[8.7589,55.8061],[8.7575,55.7798],[8.7499,55.7765],[8.7527,55.7585],[8.7777,55.7606],[8.8147,55.739],[8.8336,55.7324],[8.8172,55.7138],[8.8113,55.6975],[8.8005,55.6967],[8.7987,55.6832],[8.8184,55.6792],[8.843,55.6691],[8.8726,55.6727],[8.8902,55.6593],[8.8812,55.6378],[8.903,55.6257],[8.9145,55.6178],[8.904,55.6071],[8.8767,55.5964],[8.8107,55.5881],[8.7745,55.5794],[8.7622,55.5534]]]},"properties":{"kode":"573","navn":"Varde"}},{"type":"Feature","geometry":{"type":"Polygon","coordinates":[[[12.1899,55.5658],[12.1737,55.5546],[12.149,55.5653],[12.1354,55.5505],[12.1103,55.5553],[12.1058,55.5388],[12.0961,55.5254],[12.066,55.5285],[12.0539,55.5215],[12.0241,55.5256],[12.0089,55.531],[11.9922,55.5255],[11.9698,55.5352],[11.9763,55.5416],[11.9794,55.5726],[12.0029,55.5743],[12.0129,55.5867],[12.0306,55.5821],[12.0582,55.5828],[12.0744,55.5933],[12.0516,55.6066],[12.0509,55.6166],[11.9992,55.621],[11.9897,55.6304],[12.0024,55.6382],[12.0128,55.6552],[12.0091,55.6671],[12.0296,55.6681],[12.0509,55.6741],[12.0619,55.6667],[12.0586,55.6564],[12.0851,55.6531],[12.0909,55.6685],[12.07,55.6779],[12.0766,55.6879],[12.0962,55.6903],[12.1133,55.7072],[12.1018,55.7107],[12.1111,55.7259],[12.0965,55.7438],[12.1012,55.7503],[12.0856,55.7652],[12.0891,55.7809],[12.1087,55.7748],[12.1133,55.7678],[12.1497,55.7564],[12.157,55.7484],[12.1923,55.7464],[12.2087,55.7507],[12.2216,55.7459],[12.2263,55.7339],[12.2084,55.7306],[12.2288,55.7171],[12.2508,55.7084],[12.2121,55.6872],[12.1855,55.6882],[12.1687,55.6817],[12.1585,55.6657],[12.1571,55.6339],[12.1669,55.6342],[12.1596,55.6128],[12.1459,55.6008],[12.1381,55.5862],[12.1832,55.5775],[12.1899,55.5658]]]},"properties":{"kode":"265","navn":"Roskilde"}},{"type":"Feature","geometry":{"type":"Polygon","coordinates":[[[12.0882,55.8948],[12.1166,55.9057],[12.1069,55.9216],[12.0891,55.9222],[12.0822,55.9296],[12.0855,55.9491],[12.1259,55.9725],[12.1703,55.9685],[12.1975,55.9724],[12.2184,55.9803],[12.2217,55.991],[12.2493,55.9885],[12.2875,55.9963],[12.2823,56.0027],[12.3776,56.0016],[12.3579,55.9682],[12.3636,55.9539],[12.3461,55.9489],[12.3671,55.9404],[12.3703,55.9274],[12.3947,55.9111],[12.3731,55.8992],[12.3216,55.8907],[12.2998,55.8847],[12.2747,55.8823],[12.2786,55.8648],[12.2627,55.8542],[12.2342,55.8534],[12.2313,55.8458],[12.2078,55.8466],[12.2004,55.868],[12.1767,55.8794],[12.1239,55.8669],[12.1102,55.8815],[12.094,55.8864],[12.0882,55.8948]]]},"properties":{"kode":"219","navn":"Hillerød"}},{"type":"Feature","geometry":{"type":"MultiPolygon","coordinates":[[[[12.4049,55.6125],[12.4045,55.6141],[12.4434,55.6125],[12.444,55.6114],[12.4049,55.6125]]],[[[12.4039,55.6165],[12.365,55.6562],[12.3712,55.6602],[12.413,55.6597],[12.4247,55.6695],[12.4427,55.6715],[12.4529,55.6648],[12.46,55.6482],[12.427,55.6418],[12.4418,55.6153],[12.4039,55.6165]]]]},"properties":{"kode":"153","navn":"Brøndby"}},{"type":"Feature","geometry":{"type":"MultiPolygon","coordinates":[[[[9.1305,56.8605],[9.0921,56.8824],[9.0775,56.8861],[9.0699,56.8963],[9.0889,56.9042],[9.1017,56.8897],[9.0976,56.8811],[9.1305,56.8605]]],[[[9.3934,57.0121],[9.3982,56.9858],[9.4067,56.9734],[9.408,56.9358],[9.436,56.9183],[9.4632,56.9203],[9.4787,56.9329],[9.5029,56.9292],[9.5213,56.9204],[9.5043,56.9024],[9.5136,56.8963],[9.509,56.8855],[9.5327,56.8778],[9.5571,56.8815],[9.5748,56.889],[9.5907,56.883],[9.6104,56.8821],[9.6186,56.8678],[9.6454,56.8621],[9.6226,56.8358],[9.6126,56.8187],[9.6179,56.7951],[9.5885,56.803],[9.5668,56.7851],[9.5472,56.7756],[9.5451,56.7628],[9.5184,56.743],[9.5331,56.7385],[9.5769,56.7317],[9.588,56.7088],[9.6259,56.7007],[9.6208,56.6865],[9.6109,56.6799],[9.5718,56.6863],[9.5689,56.6743],[9.5455,56.6761],[9.533,56.6711],[9.529,56.6794],[9.5054,56.6832],[9.4924,56.6753],[9.4771,56.6746],[9.464,56.6625],[9.4554,56.6369],[9.3948,56.6535],[9.3958,56.6653],[9.3649,56.6626],[9.354,56.6714],[9.3196,56.6722],[9.3066,56.6923],[9.2752,56.6981],[9.2517,56.6891],[9.2315,56.6877],[9.1755,56.6651],[9.1623,56.6728],[9.1598,56.6827],[9.2127,56.7104],[9.2415,56.7369],[9.2378,56.7586],[9.1991,56.7677],[9.1843,56.7668],[9.1878,56.7869],[9.1682,56.8062],[9.1888,56.8217],[9.2082,56.8421],[9.2087,56.866],[9.1999,56.8736],[9.1664,56.8864],[9.1653,56.8926],[9.1807,56.9206],[9.1984,56.9359],[9.2288,56.9495],[9.2423,56.9669],[9.2761,56.9721],[9.2879,56.9928],[9.3536,57.0082],[9.3934,57.0121]]],[[[9.1705,57.0226],[9.2002,57.0279],[9.2079,57.0183],[9.2452,57.0248],[9.2554,57.0301],[9.2752,57.0287],[9.282,57.0142],[9.2982,57.0076],[9.2568,56.9922],[9.2405,56.9915],[9.2095,56.9999],[9.1705,57.0226]]]]},"properties":{"kode":"820","navn":"Vesthimmerland"}},{"type":"Feature","geometry":{"type":"MultiPolygon","coordinates":[[[[12.0647,55.8792],[12.0882,55.8948],[12.094,55.8864],[12.1102,55.8815],[12.1239,55.8669],[12.1767,55.8794],[12.2004,55.868],[12.2078,55.8466],[12.2313,55.8458],[12.2074,55.8278],[12.189,55.8182],[12.1704,55.8275],[12.152,55.8215],[12.1247,55.8223],[12.1354,55.8115],[12.1195,55.786],[12.1087,55.7748],[12.0891,55.7809],[12.0735,55.7866],[12.0783,55.7993],[12.0679,55.8099],[12.0627,55.8276],[12.0504,55.8421],[12.0453,55.8564],[12.065,55.8611],[12.0647,55.8792]]],[[[12.0973,55.7246],[12.0699,55.7293],[12.0763,55.7394],[12.0973,55.7246]]],[[[11.9812,55.7301],[11.9577,55.7344],[11.948,55.7419],[11.9221,55.7449],[11.921,55.7362],[11.9052,55.7314],[11.8758,55.7378],[11.8568,55.7365],[11.8575,55.7726],[11.8644,55.7963],[11.878,55.8003],[11.8778,55.814],[11.9171,55.8197],[11.9338,55.8175],[11.9442,55.8233],[11.9602,55.8514],[11.9439,55.8717],[11.9292,55.8808],[11.9311,55.8917],[11.902,55.9182],[11.9088,55.9364],[11.9644,55.9295],[11.9761,55.9182],[12.0049,55.9151],[12.0239,55.9074],[12.0262,55.9007],[12.001,55.882],[12.0015,55.8585],[12.0299,55.8513],[12.0426,55.8124],[12.0408,55.7991],[12.0566,55.7969],[12.0528,55.7846],[12.0672,55.7667],[12.063,55.7534],[12.0638,55.7315],[12.0481,55.7334],[12.0083,55.7251],[12.0077,55.7336],[11.9873,55.7386],[11.9812,55.7301]]]]},"properties":{"kode":"250","navn":"Frederikssund"}},{"type":"Feature","geometry":{"type":"MultiPolygon","coordinates":[[[[9.5748,56.889],[9.5571,56.8815],[9.5327,56.8778],[9.509,56.8855],[9.5136,56.8963],[9.5043,56.9024],[9.5213,56.9204],[9.5029,56.9292],[9.4787,56.9329],[9.4632,56.9203],[9.436,56.9183],[9.408,56.9358],[9.4067,56.9734],[9.3982,56.9858],[9.3934,57.0121],[9.4276,57.0172],[9.5102,57.0131],[9.5648,56.9972],[9.5833,56.988],[9.565,56.9705],[9.5498,56.9657],[9.5372,56.9543],[9.5648,56.9275],[9.571,56.9261],[9.5777,56.9605],[9.6196,56.9696],[9.6299,56.9821],[9.6709,57.011],[9.67,57.0238],[9.6778,57.0335],[9.6982,57.0409],[9.7443,57.0458],[9.7679,57.0511],[9.8091,57.0492],[9.8433,57.0432],[9.8792,57.0584],[9.9081,57.0573],[9.9242,57.0504],[9.9446,57.0496],[9.9584,57.0549],[9.9746,57.0686],[9.9976,57.0783],[10.0246,57.0764],[10.0373,57.0608],[10.0627,57.05],[10.0627,57.0451],[10.0962,57.0343],[10.1224,57.0207],[10.1372,57.0089],[10.1913,56.9873],[10.2313,56.979],[10.3008,56.9827],[10.2967,56.9652],[10.284,56.9611],[10.2872,56.9502],[10.272,56.9379],[10.2618,56.8936],[10.2662,56.885],[10.2668,56.8581],[10.2372,56.8553],[10.2225,56.8608],[10.1932,56.8471],[10.2248,56.8327],[10.216,56.813],[10.198,56.8111],[10.1863,56.8182],[10.1532,56.8496],[10.1636,56.8704],[10.1372,56.8701],[10.103,56.8776],[10.0599,56.8913],[10.0573,56.9111],[10.0357,56.9109],[10.0037,56.9005],[9.9633,56.9062],[9.9211,56.8948],[9.9057,56.8854],[9.8723,56.8926],[9.8364,56.9073],[9.8302,56.9214],[9.8366,56.9422],[9.8129,56.9486],[9.8133,56.9589],[9.7678,56.9635],[9.7552,56.9709],[9.7291,56.9705],[9.7097,56.9603],[9.7203,56.9391],[9.7098,56.933],[9.7149,56.9209],[9.646,56.9264],[9.6286,56.9135],[9.6126,56.9134],[9.5918,56.8913],[9.5748,56.889]]],[[[9.7776,57.1057],[9.7504,57.1213],[9.7429,57.1323],[9.783,57.1301],[9.8088,57.1349],[9.8432,57.1347],[9.8424,57.1426],[9.8973,57.137],[9.9191,57.1478],[9.9151,57.165],[9.8828,57.1805],[9.866,57.2047],[9.8404,57.2109],[9.8369,57.2168],[9.8373,57.2225],[9.8905,57.2239],[9.9062,57.2296],[9.934,57.2261],[9.941,57.2186],[9.9913,57.1995],[10.0193,57.193],[10.0812,57.154],[10.1107,57.1493],[10.1355,57.1389],[10.1655,57.1162],[10.221,57.1086],[10.3105,57.1081],[10.3262,57.0989],[10.3284,57.0826],[10.3396,57.0705],[10.3641,57.0892],[10.3894,57.0886],[10.3757,57.0489],[10.3526,57.0113],[10.3307,56.9887],[10.3001,56.994],[10.2725,56.9914],[10.2582,56.9863],[10.2332,56.9874],[10.2035,56.9966],[10.1807,57.0071],[10.1251,57.0392],[10.0938,57.0534],[10.0788,57.0552],[10.0393,57.0716],[10.0133,57.0888],[9.9857,57.0865],[9.971,57.0802],[9.9523,57.0579],[9.9355,57.0536],[9.9057,57.0632],[9.8798,57.0674],[9.8376,57.0912],[9.8108,57.0995],[9.7776,57.1057]]],[[[9.8366,57.0546],[9.821,57.0599],[9.8143,57.0717],[9.8432,57.075],[9.8709,57.0648],[9.8578,57.0553],[9.8366,57.0546]]]]},"properties":{"kode":"851","navn":"Aalborg"}},{"type":"Feature","geometry":{"type":"Polygon","coordinates":[[[9.6608,56.3152],[9.6387,56.3146],[9.606,56.307],[9.5852,56.3197],[9.5472,56.3132],[9.5132,56.3156],[9.4891,56.3132],[9.4721,56.3239],[9.4607,56.3421],[9.4809,56.3526],[9.4383,56.3696],[9.4037,56.3496],[9.3693,56.3608],[9.3753,56.3448],[9.339,56.3414],[9.3265,56.3436],[9.3079,56.3327],[9.2975,56.3122],[9.2776,56.307],[9.2562,56.2899],[9.231,56.282],[9.2225,56.2576],[9.2222,56.2339],[9.2324,56.2258],[9.2229,56.2191],[9.1902,56.2421],[9.2015,56.2639],[9.1868,56.2683],[9.1113,56.2673],[9.1187,56.2774],[9.0878,56.2765],[9.0672,56.3047],[9.0425,56.3146],[9.0425,56.3256],[9.0537,56.336],[9.0798,56.3191],[9.1122,56.3351],[9.1062,56.3522],[9.0741,56.3709],[9.0751,56.38],[9.0605,56.3919],[9.0002,56.414],[8.9947,56.4274],[9.0009,56.4452],[8.9835,56.4547],[8.9874,56.4917],[8.9872,56.502],[8.9722,56.5175],[9.0041,56.5156],[9.0194,56.525],[9.0498,56.5222],[9.0858,56.5361],[9.1051,56.5295],[9.1178,56.5188],[9.1873,56.5262],[9.1936,56.5247],[9.2307,56.5497],[9.2226,56.5597],[9.2406,56.5642],[9.247,56.5723],[9.2605,56.5558],[9.2935,56.5341],[9.3216,56.5324],[9.3423,56.5409],[9.3635,56.5341],[9.3689,56.568],[9.3385,56.5578],[9.3032,56.5519],[9.2919,56.5556],[9.2869,56.5674],[9.296,56.6045],[9.3078,56.6126],[9.3254,56.6596],[9.3196,56.6722],[9.354,56.6714],[9.3649,56.6626],[9.3958,56.6653],[9.3948,56.6535],[9.4554,56.6369],[9.464,56.6625],[9.4771,56.6746],[9.4924,56.6753],[9.5054,56.6832],[9.529,56.6794],[9.533,56.6711],[9.5416,56.6634],[9.5314,56.651],[9.5681,56.6484],[9.5642,56.6351],[9.5973,56.6289],[9.626,56.6319],[9.6707,56.6284],[9.6761,56.6143],[9.6446,56.6084],[9.6436,56.5799],[9.6773,56.5901],[9.7031,56.5895],[9.7461,56.5643],[9.7507,56.5554],[9.7958,56.5616],[9.7806,56.5461],[9.7906,56.5329],[9.787,56.5146],[9.7887,56.4939],[9.7847,56.4804],[9.7863,56.4603],[9.7762,56.4497],[9.7566,56.429],[9.7587,56.4202],[9.741,56.4095],[9.7426,56.3993],[9.7253,56.3912],[9.7302,56.3844],[9.6886,56.3758],[9.7018,56.3663],[9.7054,56.3429],[9.7217,56.3302],[9.7003,56.3266],[9.6707,56.3278],[9.6608,56.3152]]]},"properties":{"kode":"791","navn":"Viborg"}},{"type":"Feature","geometry":{"type":"Polygon","coordinates":[[[14.7032,55.2001],[14.7116,55.2229],[14.7231,55.2383],[14.7414,55.2533],[14.7573,55.2783],[14.7513,55.2865],[14.7732,55.2992],[14.7959,55.2841],[14.817,55.2644],[14.8246,55.2528],[14.8752,55.2375],[14.8835,55.2286],[14.9288,55.2165],[14.9463,55.2094],[14.9693,55.2152],[14.9912,55.1929],[15.02,55.1773],[15.0393,55.1728],[15.0732,55.1558],[15.1119,55.1469],[15.1376,55.1442],[15.1558,55.1239],[15.1433,55.1132],[15.1571,55.0831],[15.1377,55.0684],[15.1358,55.0577],[15.1098,55.0392],[15.1212,55.0268],[15.1202,55.0144],[15.1063,55.0079],[15.0825,54.9885],[15.0719,54.9874],[15.0448,54.9939],[15.0215,54.9946],[14.9551,55.0063],[14.9246,55.0145],[14.8856,55.0317],[14.8439,55.0423],[14.8323,55.041],[14.7938,55.0539],[14.7768,55.0524],[14.7453,55.0635],[14.7252,55.079],[14.7105,55.0813],[14.6984,55.0954],[14.6988,55.1219],[14.7077,55.1343],[14.7063,55.1651],[14.7004,55.1834],[14.7032,55.2001]]]},"properties":{"kode":"400","navn":"Bornholm"}},{"type":"Feature","geometry":{"type":"Polygon","coordinates":[[[12.3413,55.642],[12.3466,55.6376],[12.3083,55.6372],[12.2455,55.6334],[12.2125,55.6348],[12.2152,55.6177],[12.2095,55.6046],[12.1596,55.6128],[12.1669,55.6342],[12.1571,55.6339],[12.1585,55.6657],[12.1687,55.6817],[12.1855,55.6882],[12.2121,55.6872],[12.2508,55.7084],[12.2525,55.7053],[12.311,55.6937],[12.3216,55.6795],[12.3155,55.6727],[12.3289,55.6508],[12.3413,55.642]]]},"properties":{"kode":"169","navn":"Høje-Taastrup"}},{"type":"Feature","geometry":{"type":"MultiPolygon","coordinates":[[[[10.3093,55.7414],[10.2755,55.7485],[10.2474,55.7469],[10.2346,55.753],[10.2492,55.7617],[10.2747,55.7592],[10.3007,55.7633],[10.2979,55.7712],[10.312,55.7919],[10.3285,55.7697],[10.3226,55.7475],[10.3093,55.7414]]],[[[9.9604,55.8313],[9.9465,55.8225],[9.9471,55.8069],[9.9181,55.8068],[9.851,55.799],[9.839,55.8082],[9.817,55.8024],[9.7898,55.8114],[9.7803,55.8217],[9.7547,55.8295],[9.7445,55.8376],[9.7453,55.8492],[9.7348,55.853],[9.7243,55.8665],[9.6886,55.865],[9.6946,55.9037],[9.6402,55.9157],[9.6341,55.9245],[9.5956,55.9094],[9.5784,55.918],[9.559,55.9159],[9.5347,55.9195],[9.5134,55.9335],[9.5033,55.9716],[9.4623,55.994],[9.4898,55.9953],[9.5031,56.0082],[9.5259,56.0081],[9.538,56.0139],[9.5681,56.01],[9.5823,56.0024],[9.6042,56.0101],[9.6019,56.0251],[9.6085,56.0342],[9.5892,56.0484],[9.5805,56.0626],[9.6063,56.0701],[9.6405,56.0646],[9.7076,56.0566],[9.7009,56.0414],[9.7096,56.0109],[9.7471,56.0105],[9.7644,56.0169],[9.7939,56.019],[9.8115,56.0077],[9.797,55.9889],[9.8376,55.9628],[9.8537,55.9566],[9.8731,55.9557],[9.8798,55.9674],[9.9022,55.971],[9.9427,55.9691],[9.9679,55.9926],[9.9916,55.9819],[10.0136,55.9813],[10.0143,55.9734],[10.0355,55.9572],[10.0271,55.9434],[10.0279,55.9315],[10.0159,55.9108],[10.022,55.8959],[10.0474,55.8789],[10.0165,55.8754],[9.9985,55.8804],[9.9703,55.88],[9.9621,55.8671],[9.9658,55.8587],[9.9328,55.8615],[9.9162,55.8579],[9.8957,55.8647],[9.8757,55.8601],[9.878,55.8475],[9.8922,55.8424],[9.9604,55.8313]]]]},"properties":{"kode":"615","navn":"Horsens"}},{"type":"Feature","geometry":{"type":"Polygon","coordinates":[[[11.8656,55.3519],[11.8689,55.3629],[11.8884,55.3673],[11.929,55.3674],[11.9469,55.375],[11.9686,55.3908],[11.9635,55.402],[11.9765,55.4049],[12.017,55.401],[12.0656,55.3854],[12.0612,55.3765],[12.0804,55.3683],[12.1099,55.3726],[12.1132,55.3523],[12.1498,55.3426],[12.155,55.3358],[12.1898,55.3306],[12.2345,55.3314],[12.2317,55.3141],[12.2144,55.3054],[12.2192,55.2915],[12.2334,55.2942],[12.265,55.2863],[12.2836,55.2641],[12.284,55.24],[12.2466,55.2384],[12.2046,55.2247],[12.1927,55.2242],[12.1603,55.2142],[12.1363,55.1921],[12.1186,55.1853],[12.1073,55.1731],[12.1123,55.1407],[12.0983,55.1344],[12.0776,55.1383],[12.0911,55.1772],[12.0475,55.172],[12.0238,55.1861],[12.0278,55.205],[12.0166,55.2168],[11.9731,55.2251],[11.9819,55.236],[11.9731,55.2494],[11.9448,55.2435],[11.9353,55.257],[11.9057,55.2707],[11.8998,55.2817],[11.8539,55.2905],[11.8432,55.3098],[11.8587,55.3183],[11.8504,55.3264],[11.8831,55.3354],[11.8872,55.3427],[11.8656,55.3519]]]},"properties":{"kode":"320","navn":"Faxe"}},{"type":"Feature","geometry":{"type":"Polygon","coordinates":[[[11.4131,55.733],[11.3997,55.739],[11.3723,55.7364],[11.372,55.7485],[11.3493,55.7575],[11.3802,55.7773],[11.376,55.7979],[11.3771,55.8228],[11.388,55.8311],[11.4069,55.833],[11.4511,55.8481],[11.492,55.8469],[11.5047,55.8544],[11.5262,55.8751],[11.5312,55.8863],[11.5232,55.9258],[11.4942,55.9405],[11.4703,55.9474],[11.3766,55.9532],[11.332,55.9702],[11.2925,55.9788],[11.2861,55.9908],[11.3495,55.9784],[11.3855,55.9668],[11.4192,55.9618],[11.4825,55.9605],[11.5146,55.9519],[11.5383,55.9524],[11.5916,55.9618],[11.6116,55.9446],[11.6388,55.9386],[11.7051,55.9493],[11.7377,55.964],[11.7775,55.9769],[11.7909,55.9572],[11.7554,55.9411],[11.7487,55.9243],[11.7528,55.9062],[11.7338,55.899],[11.7109,55.9038],[11.7096,55.9125],[11.6802,55.9153],[11.6703,55.9099],[11.6656,55.8953],[11.6683,55.8814],[11.6915,55.8744],[11.732,55.8352],[11.7333,55.8209],[11.7114,55.8101],[11.6633,55.8183],[11.6487,55.8086],[11.6472,55.7953],[11.6108,55.7845],[11.6222,55.7749],[11.5978,55.7679],[11.5344,55.7723],[11.4595,55.735],[11.4259,55.737],[11.4131,55.733]]]},"properties":{"kode":"306","navn":"Odsherred"}},{"type":"Feature","geometry":{"type":"Polygon","coordinates":[[[12.3,55.7635],[12.3334,55.7598],[12.3581,55.7541],[12.3943,55.7583],[12.3934,55.7511],[12.4072,55.7293],[12.426,55.7172],[12.4248,55.7087],[12.3882,55.7069],[12.3875,55.6973],[12.3563,55.7082],[12.3419,55.7097],[12.3233,55.7173],[12.3206,55.7286],[12.3336,55.7341],[12.3312,55.7425],[12.3137,55.7486],[12.2883,55.7515],[12.3,55.7635]]]},"properties":{"kode":"151","navn":"Ballerup"}},{"type":"Feature","geometry":{"type":"Polygon","coordinates":[[[10.3813,56.2856],[10.3369,56.2864],[10.3171,56.2935],[10.2831,56.2894],[10.2605,56.2801],[10.2763,56.3156],[10.2342,56.3184],[10.2213,56.3293],[10.1979,56.3243],[10.1607,56.329],[10.1625,56.3465],[10.1837,56.3517],[10.1854,56.3615],[10.1988,56.366],[10.2219,56.359],[10.2354,56.3733],[10.2059,56.39],[10.1963,56.3911],[10.2391,56.4074],[10.2625,56.4046],[10.2746,56.3934],[10.2953,56.386],[10.3412,56.3981],[10.3886,56.3895],[10.3852,56.4014],[10.4198,56.4059],[10.4281,56.4234],[10.4683,56.4259],[10.4937,56.4307],[10.5472,56.4284],[10.5487,56.4474],[10.5718,56.4437],[10.5753,56.4326],[10.5936,56.4327],[10.6244,56.417],[10.6592,56.4188],[10.6916,56.4043],[10.6899,56.3971],[10.7048,56.39],[10.6765,56.3758],[10.6353,56.3737],[10.6463,56.3584],[10.6977,56.3363],[10.7276,56.3407],[10.7396,56.3307],[10.7598,56.3338],[10.8027,56.323],[10.8242,56.2968],[10.8471,56.2949],[10.826,56.2784],[10.8141,56.2593],[10.7916,56.2441],[10.7676,56.24],[10.7453,56.2271],[10.7385,56.2181],[10.7344,56.1981],[10.739,56.1798],[10.7143,56.142],[10.6936,56.1406],[10.6802,56.146],[10.6751,56.1564],[10.6583,56.1616],[10.6377,56.1792],[10.668,56.1878],[10.6772,56.2042],[10.6701,56.2181],[10.6554,56.2258],[10.6119,56.2282],[10.586,56.2197],[10.5771,56.2028],[10.5627,56.1972],[10.536,56.1738],[10.5341,56.161],[10.5522,56.1477],[10.5589,56.1243],[10.5571,56.1133],[10.5452,56.102],[10.511,56.0957],[10.4811,56.1397],[10.4908,56.1462],[10.5166,56.145],[10.5285,56.168],[10.5204,56.1726],[10.4921,56.1706],[10.4751,56.1788],[10.4403,56.1794],[10.4193,56.1623],[10.3992,56.1619],[10.3779,56.1687],[10.3753,56.1825],[10.3579,56.1989],[10.4065,56.2075],[10.4164,56.2197],[10.4323,56.2163],[10.4344,56.2016],[10.4659,56.1993],[10.48,56.2064],[10.4669,56.2288],[10.4534,56.2317],[10.4751,56.2445],[10.4902,56.2621],[10.5047,56.2605],[10.5053,56.2747],[10.4808,56.2827],[10.4589,56.2805],[10.435,56.2952],[10.4173,56.2911],[10.3927,56.293],[10.3813,56.2856]]]},"properties":{"kode":"706","navn":"Syddjurs"}},{"type":"Feature","geometry":{"type":"Polygon","coordinates":[[[12.444,55.6114],[12.4434,55.6125],[12.4418,55.6153],[12.427,55.6418],[12.46,55.6482],[12.4529,55.6648],[12.4782,55.6655],[12.4778,55.657],[12.5065,55.6359],[12.4939,55.6197],[12.4902,55.6004],[12.4482,55.6042],[12.4454,55.609],[12.445,55.6098],[12.444,55.6114]]]},"properties":{"kode":"167","navn":"Hvidovre"}},{"type":"Feature","geometry":{"type":"MultiPolygon","coordinates":[[[[10.2516,55.0398],[10.284,55.0191],[10.2571,55.0181],[10.2357,55.0313],[10.2516,55.0398]]],[[[10.5761,55.3426],[10.6086,55.3289],[10.6054,55.3234],[10.6143,55.3011],[10.5904,55.297],[10.5839,55.2809],[10.5506,55.2576],[10.5343,55.2524],[10.5771,55.237],[10.618,55.23],[10.6447,55.2338],[10.6615,55.2166],[10.6462,55.2074],[10.6516,55.1919],[10.6208,55.195],[10.6101,55.181],[10.5967,55.1778],[10.5894,55.158],[10.5252,55.1661],[10.5188,55.1582],[10.4828,55.1608],[10.4549,55.1499],[10.4451,55.1377],[10.4276,55.139],[10.4124,55.1284],[10.4089,55.1163],[10.3936,55.1027],[10.4076,55.0901],[10.3961,55.0874],[10.3947,55.0749],[10.3822,55.0595],[10.3547,55.0507],[10.3202,55.054],[10.32,55.0614],[10.2978,55.0665],[10.276,55.0841],[10.2627,55.0852],[10.2325,55.0962],[10.2233,55.0884],[10.2294,55.0775],[10.1985,55.0627],[10.1864,55.0783],[10.1606,55.0798],[10.1275,55.0904],[10.08,55.0759],[10.0699,55.0864],[10.0887,55.1087],[10.1007,55.1053],[10.1158,55.1167],[10.1529,55.1234],[10.1629,55.1324],[10.1344,55.1609],[10.171,55.1711],[10.1768,55.1809],[10.1986,55.1939],[10.2232,55.2209],[10.1968,55.2194],[10.1883,55.2313],[10.1715,55.238],[10.1759,55.2651],[10.2103,55.2735],[10.2387,55.2733],[10.2561,55.2909],[10.2789,55.2978],[10.3006,55.2881],[10.3154,55.2927],[10.3408,55.2919],[10.3486,55.2984],[10.334,55.3075],[10.3513,55.3202],[10.4111,55.3332],[10.4243,55.3094],[10.4603,55.3123],[10.4615,55.3183],[10.4903,55.3229],[10.5174,55.3205],[10.552,55.3227],[10.5761,55.3426]]],[[[10.1469,55.032],[10.1259,55.0452],[10.1248,55.0545],[10.1681,55.0487],[10.1702,55.0361],[10.1469,55.032]]]]},"properties":{"kode":"430","navn":"Faaborg-Midtfyn"}},{"type":"Feature","geometry":{"type":"Polygon","coordinates":[[[9.2778,55.5851],[9.3028,55.5795],[9.3207,55.5838],[9.3561,55.5669],[9.3647,55.5753],[9.3928,55.5823],[9.4138,55.5712],[9.4501,55.5759],[9.4972,55.6121],[9.4937,55.6298],[9.5229,55.6109],[9.5225,55.59],[9.5362,55.5809],[9.5583,55.5785],[9.5748,55.5657],[9.5862,55.5384],[9.5759,55.5259],[9.5712,55.5175],[9.5859,55.4993],[9.5417,55.4964],[9.5144,55.5004],[9.499,55.4981],[9.512,55.4837],[9.5472,55.4908],[9.5687,55.4918],[9.5889,55.4862],[9.603,55.4965],[9.6253,55.4983],[9.6673,55.4776],[9.6934,55.4617],[9.6832,55.4516],[9.6409,55.4324],[9.5986,55.4264],[9.5933,55.416],[9.6221,55.3904],[9.6181,55.3756],[9.6033,55.3641],[9.5733,55.3743],[9.5752,55.3623],[9.6005,55.3572],[9.5488,55.336],[9.5304,55.3171],[9.4991,55.317],[9.4789,55.3087],[9.4449,55.3189],[9.4543,55.3287],[9.4458,55.3437],[9.4295,55.3501],[9.3996,55.3379],[9.3795,55.3135],[9.3647,55.3118],[9.3436,55.3316],[9.3435,55.338],[9.303,55.3534],[9.308,55.3639],[9.2802,55.3741],[9.2809,55.3789],[9.2845,55.3878],[9.2296,55.4004],[9.2261,55.4181],[9.2157,55.424],[9.2237,55.4352],[9.2205,55.4591],[9.2415,55.455],[9.2613,55.4647],[9.2624,55.4799],[9.2698,55.4893],[9.2872,55.4873],[9.3034,55.4981],[9.2621,55.535],[9.2663,55.5493],[9.2793,55.551],[9.2726,55.5732],[9.2778,55.5851]]]},"properties":{"kode":"621","navn":"Kolding"}},{"type":"Feature","geometry":{"type":"Polygon","coordinates":[[[12.1259,55.9725],[12.1279,55.9866],[12.0884,56.0015],[12.0649,55.9991],[12.0499,56.0033],[12.0512,56.0234],[12.0086,56.031],[12.0622,56.0593],[12.072,56.0619],[12.1613,56.0993],[12.1792,56.1081],[12.2419,56.1221],[12.2869,56.1292],[12.3543,56.118],[12.3853,56.1013],[12.417,56.0966],[12.4118,56.0645],[12.4045,56.0579],[12.3949,56.0323],[12.3999,56.0266],[12.3896,56.0143],[12.3776,56.0016],[12.2823,56.0027],[12.2875,55.9963],[12.2493,55.9885],[12.2217,55.991],[12.2184,55.9803],[12.1975,55.9724],[12.1703,55.9685],[12.1259,55.9725]]]},"properties":{"kode":"270","navn":"Gribskov"}},{"type":"Feature","geometry":{"type":"MultiPolygon","coordinates":[[[[10.4374,55.9433],[10.4143,55.951],[10.4114,55.9609],[10.4599,55.9519],[10.4374,55.9433]]],[[[10.0407,55.9966],[10.1094,56.0061],[10.1395,56.0017],[10.1506,56.0193],[10.1955,56.0185],[10.2167,56.011],[10.2383,56.0097],[10.251,56.0213],[10.2752,56.0234],[10.2529,55.9904],[10.2528,55.9796],[10.2659,55.9607],[10.2578,55.9297],[10.2565,55.9106],[10.2421,55.9094],[10.2043,55.8857],[10.1924,55.8859],[10.2024,55.8581],[10.1918,55.8502],[10.1938,55.8376],[10.1594,55.8463],[10.1394,55.8603],[10.145,55.8699],[10.1351,55.8805],[10.119,55.8708],[10.1158,55.8641],[10.1043,55.8616],[10.0791,55.8485],[10.0358,55.8437],[10.0477,55.8628],[10.0587,55.8696],[10.1139,55.8642],[10.1176,55.8712],[10.1104,55.8825],[10.0717,55.8841],[10.0474,55.8789],[10.022,55.8959],[10.0159,55.9108],[10.0279,55.9315],[10.0271,55.9434],[10.0355,55.9572],[10.0143,55.9734],[10.0136,55.9813],[10.0407,55.9966]]]]},"properties":{"kode":"727","navn":"Odder"}},{"type":"Feature","geometry":{"type":"Polygon","coordinates":[[[10.2709,57.6194],[10.3233,57.6363],[10.4847,57.711],[10.5221,57.7298],[10.5571,57.7428],[10.5986,57.751],[10.6287,57.7503],[10.6457,57.7437],[10.614,57.7284],[10.5659,57.711],[10.5228,57.6864],[10.4888,57.6617],[10.4507,57.6282],[10.4342,57.6069],[10.4249,57.5782],[10.4332,57.5547],[10.4474,57.5344],[10.4996,57.4972],[10.5042,57.4875],[10.5351,57.4691],[10.5461,57.4505],[10.5287,57.4307],[10.5156,57.3884],[10.519,57.3543],[10.5282,57.3358],[10.5274,57.324],[10.5429,57.282],[10.5502,57.2492],[10.5472,57.2269],[10.5275,57.216],[10.4905,57.2032],[10.4721,57.1926],[10.4423,57.1701],[10.4302,57.1712],[10.4064,57.1849],[10.4217,57.1935],[10.4062,57.2081],[10.4144,57.2177],[10.3668,57.2436],[10.3833,57.2549],[10.344,57.267],[10.3242,57.2772],[10.3186,57.263],[10.2886,57.2678],[10.2591,57.2556],[10.2603,57.2513],[10.2149,57.2486],[10.2128,57.2853],[10.2225,57.2941],[10.2035,57.3067],[10.1925,57.3194],[10.192,57.3373],[10.1877,57.3575],[10.2244,57.3601],[10.241,57.3848],[10.3034,57.3759],[10.3279,57.3819],[10.3441,57.3792],[10.3741,57.3808],[10.3766,57.3911],[10.3516,57.3902],[10.3341,57.394],[10.3199,57.4099],[10.3228,57.419],[10.2991,57.4261],[10.3116,57.4473],[10.3605,57.4526],[10.3679,57.4708],[10.4033,57.4747],[10.3908,57.4922],[10.3701,57.5001],[10.375,57.5056],[10.3479,57.5263],[10.3386,57.5266],[10.3125,57.5539],[10.3369,57.6067],[10.2765,57.6121],[10.2709,57.6194]]]},"properties":{"kode":"813","navn":"Frederikshavn"}},{"type":"Feature","geometry":{"type":"Polygon","coordinates":[[[12.5569,55.5745],[12.5863,55.5797],[12.6114,55.5761],[12.6223,55.6034],[12.6324,55.6087],[12.6703,55.6066],[12.6769,55.5905],[12.6641,55.5822],[12.632,55.5768],[12.618,55.5662],[12.5928,55.5549],[12.5697,55.5581],[12.5569,55.5745]]]},"properties":{"kode":"155","navn":"Dragør"}},{"type":"Feature","geometry":{"type":"Polygon","coordinates":[[[9.5759,55.5259],[9.5862,55.5384],[9.5748,55.5657],[9.5583,55.5785],[9.5865,55.6013],[9.5988,55.6063],[9.6202,55.6067],[9.6269,55.6212],[9.6646,55.6195],[9.6684,55.6022],[9.7033,55.6088],[9.737,55.6179],[9.7498,55.6276],[9.7595,55.6229],[9.8068,55.6284],[9.839,55.6252],[9.8476,55.6164],[9.7937,55.5939],[9.7905,55.5832],[9.7716,55.5706],[9.7679,55.556],[9.7521,55.5601],[9.7286,55.5517],[9.7422,55.5241],[9.7157,55.5194],[9.673,55.5277],[9.6404,55.5091],[9.626,55.5137],[9.6083,55.5104],[9.6026,55.5189],[9.5759,55.5259]]]},"properties":{"kode":"607","navn":"Fredericia"}},{"type":"Feature","geometry":{"type":"Polygon","coordinates":[[[10.6516,55.1919],[10.6462,55.2074],[10.6615,55.2166],[10.6447,55.2338],[10.618,55.23],[10.5771,55.237],[10.5343,55.2524],[10.5506,55.2576],[10.5839,55.2809],[10.5904,55.297],[10.6143,55.3011],[10.6054,55.3234],[10.6377,55.3436],[10.6233,55.3577],[10.6029,55.3597],[10.6148,55.3712],[10.6339,55.3717],[10.6504,55.3814],[10.6381,55.3931],[10.6477,55.4006],[10.6452,55.4116],[10.6921,55.4107],[10.7017,55.4245],[10.7254,55.4154],[10.7422,55.3986],[10.7631,55.3882],[10.7721,55.3753],[10.7913,55.3593],[10.8084,55.3333],[10.8134,55.3173],[10.8223,55.308],[10.8517,55.2919],[10.8307,55.2883],[10.8253,55.297],[10.7973,55.3057],[10.7799,55.2989],[10.792,55.2871],[10.7869,55.2774],[10.7999,55.2527],[10.8154,55.2312],[10.8104,55.211],[10.7795,55.221],[10.7781,55.2091],[10.7463,55.197],[10.7393,55.1736],[10.7099,55.1813],[10.6996,55.1781],[10.6516,55.1919]]]},"properties":{"kode":"450","navn":"Nyborg"}},{"type":"Feature","geometry":{"type":"Polygon","coordinates":[[[9.533,56.6711],[9.5455,56.6761],[9.5689,56.6743],[9.5718,56.6863],[9.6109,56.6799],[9.6403,56.6713],[9.6707,56.6551],[9.6944,56.6562],[9.7128,56.6514],[9.7217,56.6661],[9.7171,56.6838],[9.7271,56.7022],[9.742,56.7063],[9.7604,56.7346],[9.8,56.7377],[9.8124,56.7487],[9.7932,56.7539],[9.7786,56.7649],[9.7881,56.7781],[9.777,56.792],[9.7976,56.8158],[9.8183,56.8065],[9.8441,56.8011],[9.86,56.8034],[9.9055,56.7966],[9.9331,56.8037],[9.9543,56.7959],[9.9965,56.7909],[10.0507,56.7944],[10.058,56.7808],[10.0451,56.7702],[10.0661,56.7553],[10.1243,56.7685],[10.1659,56.7852],[10.1797,56.7977],[10.2258,56.7926],[10.2279,56.796],[10.198,56.8111],[10.216,56.813],[10.2248,56.8327],[10.1932,56.8471],[10.2225,56.8608],[10.2372,56.8553],[10.2668,56.8581],[10.2762,56.8041],[10.2976,56.7546],[10.3332,56.7235],[10.3246,56.7042],[10.3,56.711],[10.2531,56.7128],[10.2193,56.7196],[10.1999,56.7061],[10.182,56.7032],[10.1657,56.7094],[10.1593,56.7196],[10.1258,56.717],[10.1052,56.71],[10.1004,56.7005],[10.0752,56.6937],[10.0616,56.702],[10.0271,56.6948],[10.0151,56.6813],[9.9858,56.6788],[9.9541,56.6617],[9.9225,56.652],[9.8539,56.6496],[9.8535,56.6415],[9.8804,56.6456],[9.9254,56.6456],[9.9399,56.6499],[9.9827,56.653],[9.9941,56.6654],[10.0322,56.6779],[10.0505,56.6907],[10.0766,56.6824],[10.112,56.6966],[10.1122,56.7053],[10.1371,56.7101],[10.1642,56.7062],[10.1942,56.6845],[10.1968,56.6785],[10.1664,56.671],[10.1587,56.6521],[10.1246,56.6367],[10.1138,56.6247],[10.0875,56.6191],[10.042,56.6017],[9.98,56.5919],[9.9594,56.5967],[9.9489,56.5811],[9.8885,56.5742],[9.8772,56.5657],[9.8795,56.5557],[9.8459,56.5555],[9.8328,56.5504],[9.8114,56.561],[9.7958,56.5616],[9.7507,56.5554],[9.7461,56.5643],[9.7031,56.5895],[9.6773,56.5901],[9.6436,56.5799],[9.6446,56.6084],[9.6761,56.6143],[9.6707,56.6284],[9.626,56.6319],[9.5973,56.6289],[9.5642,56.6351],[9.5681,56.6484],[9.5314,56.651],[9.5416,56.6634],[9.533,56.6711]]]},"properties":{"kode":"846","navn":"Mariagerfjord"}},{"type":"Feature","geometry":{"type":"Polygon","coordinates":[[[11.9635,55.402],[11.9542,55.4096],[11.9575,55.4238],[11.936,55.4325],[11.9338,55.4488],[11.9455,55.461],[11.9268,55.4757],[11.9226,55.5122],[11.911,55.5142],[11.9139,55.5299],[11.9374,55.5267],[11.9698,55.5352],[11.9922,55.5255],[12.0089,55.531],[12.0241,55.5256],[12.0539,55.5215],[12.066,55.5285],[12.0961,55.5254],[12.104,55.527],[12.1371,55.5132],[12.2089,55.5087],[12.2122,55.4983],[12.1963,55.4736],[12.1954,55.45],[12.2162,55.4275],[12.2138,55.4099],[12.1936,55.4057],[12.187,55.3929],[12.1921,55.3857],[12.1703,55.3741],[12.1559,55.3809],[12.1376,55.3714],[12.1099,55.3726],[12.0804,55.3683],[12.0612,55.3765],[12.0656,55.3854],[12.017,55.401],[11.9765,55.4049],[11.9635,55.402]]]},"properties":{"kode":"259","navn":"Køge"}},{"type":"Feature","geometry":{"type":"MultiPolygon","coordinates":[[[[10.8471,56.2949],[10.8242,56.2968],[10.8027,56.323],[10.7598,56.3338],[10.7396,56.3307],[10.7276,56.3407],[10.6977,56.3363],[10.6463,56.3584],[10.6353,56.3737],[10.6765,56.3758],[10.7048,56.39],[10.6899,56.3971],[10.6916,56.4043],[10.6592,56.4188],[10.6244,56.417],[10.5936,56.4327],[10.5753,56.4326],[10.5718,56.4437],[10.5487,56.4474],[10.5472,56.4284],[10.4937,56.4307],[10.4683,56.4259],[10.4281,56.4234],[10.4198,56.4059],[10.3852,56.4014],[10.3886,56.3895],[10.3412,56.3981],[10.2953,56.386],[10.2746,56.3934],[10.2625,56.4046],[10.2881,56.4234],[10.2644,56.431],[10.2712,56.4687],[10.2262,56.4797],[10.2349,56.4943],[10.2303,56.5206],[10.2328,56.5422],[10.2548,56.5539],[10.2731,56.5765],[10.2871,56.5805],[10.303,56.5929],[10.3024,56.6073],[10.3441,56.5948],[10.3453,56.5799],[10.3558,56.5656],[10.3882,56.5427],[10.4277,56.5251],[10.4614,56.5213],[10.5108,56.5128],[10.5601,56.5145],[10.6079,56.5199],[10.6224,56.5239],[10.6713,56.5297],[10.7315,56.5317],[10.7675,56.538],[10.7962,56.5374],[10.837,56.5306],[10.8617,56.5176],[10.8775,56.487],[10.9253,56.4699],[10.9502,56.4563],[10.9589,56.442],[10.9353,56.4325],[10.9215,56.4129],[10.9268,56.4045],[10.9151,56.3832],[10.9146,56.3437],[10.8701,56.3092],[10.8636,56.2999],[10.8471,56.2949]]],[[[11.5422,56.7262],[11.5649,56.723],[11.5885,56.7258],[11.6504,56.7378],[11.6088,56.7131],[11.5868,56.6943],[11.5534,56.6873],[11.5329,56.6937],[11.5133,56.7143],[11.5276,56.7248],[11.5422,56.7262]]]]},"properties":{"kode":"707","navn":"Norddjurs"}},{"type":"Feature","geometry":{"type":"Polygon","coordinates":[[[8.6586,55.2393],[8.7232,55.2447],[8.7773,55.2385],[8.8086,55.2306],[8.86,55.2249],[8.9061,55.2277],[8.9364,55.2207],[8.9373,55.1963],[8.9635,55.1918],[8.9672,55.2127],[8.9976,55.2123],[9.0171,55.2287],[9.075,55.2409],[9.1035,55.2407],[9.1375,55.2327],[9.1663,55.2074],[9.1686,55.1962],[9.1369,55.1913],[9.1037,55.1655],[9.1197,55.1665],[9.1251,55.156],[9.1742,55.1647],[9.1819,55.1756],[9.2155,55.175],[9.2213,55.1681],[9.2486,55.1655],[9.2318,55.15],[9.2495,55.1394],[9.2472,55.122],[9.2081,55.1051],[9.1969,55.0932],[9.1686,55.0939],[9.1487,55.0991],[9.1353,55.0798],[9.1412,55.0573],[9.1126,55.0503],[9.1159,55.0444],[9.0876,55.0329],[9.0925,55.0243],[9.0733,55.0201],[9.0697,55.0129],[9.0938,54.9813],[9.0694,54.9773],[9.0597,54.9693],[9.0249,54.9617],[9.0276,54.9442],[9.0072,54.9387],[9.0049,54.9286],[9.0153,54.9155],[9.0308,54.9057],[9.0323,54.8867],[9.0269,54.8815],[8.9483,54.9025],[8.8922,54.9049],[8.8487,54.8973],[8.8334,54.9068],[8.799,54.9047],[8.7765,54.8953],[8.755,54.8969],[8.7279,54.8928],[8.6869,54.9089],[8.6355,54.9115],[8.6579,54.9641],[8.6565,54.9863],[8.6317,55.04],[8.6462,55.0895],[8.6592,55.0992],[8.6779,55.1356],[8.6861,55.1441],[8.6519,55.1484],[8.6084,55.1448],[8.5588,55.1504],[8.5503,55.142],[8.5592,55.1223],[8.5508,55.1013],[8.5654,55.087],[8.5573,55.0781],[8.5327,55.0729],[8.5367,55.0649],[8.5028,55.0588],[8.4803,55.0781],[8.4618,55.0988],[8.4761,55.1435],[8.4771,55.1711],[8.4936,55.2016],[8.5552,55.2018],[8.5912,55.1902],[8.5922,55.1853],[8.5721,55.1722],[8.5675,55.1536],[8.6253,55.1476],[8.6642,55.1509],[8.6878,55.1594],[8.6746,55.189],[8.6586,55.2393]]]},"properties":{"kode":"550","navn":"Tønder"}},{"type":"Feature","geometry":{"type":"Polygon","coordinates":[[[12.365,55.6562],[12.3527,55.6549],[12.3413,55.642],[12.3289,55.6508],[12.3155,55.6727],[12.3216,55.6795],[12.311,55.6937],[12.3351,55.7003],[12.3419,55.7097],[12.3563,55.7082],[12.3875,55.6973],[12.3963,55.6857],[12.3944,55.6749],[12.3678,55.6683],[12.3712,55.6602],[12.365,55.6562]]]},"properties":{"kode":"165","navn":"Albertslund"}},{"type":"Feature","geometry":{"type":"Polygon","coordinates":[[[12.5486,55.977],[12.5202,55.9863],[12.5022,55.9841],[12.4703,55.9929],[12.4744,56.0059],[12.4425,56.0042],[12.4294,55.9986],[12.4107,56.011],[12.3896,56.0143],[12.3999,56.0266],[12.3949,56.0323],[12.4045,56.0579],[12.4118,56.0645],[12.417,56.0966],[12.4982,56.0914],[12.5398,56.0798],[12.6062,56.0439],[12.6241,56.0383],[12.6079,56.0277],[12.5952,56.0114],[12.5641,55.9954],[12.5486,55.977]]]},"properties":{"kode":"217","navn":"Helsingør"}},{"type":"Feature","geometry":{"type":"Polygon","coordinates":[[[10.5836,55.8689],[10.5934,55.8816],[10.5995,55.9115],[10.5916,55.9219],[10.557,55.9382],[10.536,55.9366],[10.5292,55.9429],[10.5212,55.9651],[10.5224,55.9792],[10.5621,56.0027],[10.5716,55.9606],[10.5968,55.934],[10.6191,55.9249],[10.6521,55.9165],[10.6121,55.9113],[10.6196,55.8908],[10.636,55.8769],[10.6617,55.8786],[10.6796,55.8711],[10.6584,55.8595],[10.6463,55.8463],[10.6372,55.8219],[10.644,55.8098],[10.6354,55.784],[10.6162,55.7645],[10.5842,55.7696],[10.5507,55.7693],[10.5299,55.7905],[10.5255,55.8235],[10.5299,55.8517],[10.5487,55.8639],[10.5836,55.8689]]]},"properties":{"kode":"741","navn":"Samsø"}},{"type":"Feature","geometry":{"type":"Polygon","coordinates":[[[9.7762,56.4497],[9.7863,56.4603],[9.7847,56.4804],[9.7887,56.4939],[9.787,56.5146],[9.7906,56.5329],[9.7806,56.5461],[9.7958,56.5616],[9.8114,56.561],[9.8328,56.5504],[9.8459,56.5555],[9.8795,56.5557],[9.8772,56.5657],[9.8885,56.5742],[9.9489,56.5811],[9.9594,56.5967],[9.98,56.5919],[10.042,56.6017],[10.0875,56.6191],[10.1138,56.6247],[10.1246,56.6367],[10.1587,56.6521],[10.1664,56.671],[10.1968,56.6785],[10.1942,56.6845],[10.205,56.6819],[10.2516,56.6982],[10.2842,56.6934],[10.3095,56.7011],[10.3385,56.7015],[10.3531,56.6914],[10.363,56.6617],[10.3498,56.658],[10.3602,56.6456],[10.3434,56.6231],[10.2981,56.6092],[10.2735,56.5899],[10.2433,56.5755],[10.2311,56.5553],[10.215,56.5429],[10.2276,56.5036],[10.2131,56.4765],[10.2477,56.4682],[10.2712,56.4687],[10.2644,56.431],[10.2881,56.4234],[10.2625,56.4046],[10.2391,56.4074],[10.1963,56.3911],[10.1409,56.3928],[10.13,56.3815],[10.1062,56.3801],[10.0951,56.3711],[10.0701,56.3834],[10.0449,56.3812],[10.0253,56.3873],[10.0039,56.3886],[9.9842,56.3824],[9.9682,56.3708],[9.9514,56.3699],[9.9379,56.3891],[9.9083,56.3939],[9.909,56.3832],[9.8793,56.3794],[9.8471,56.388],[9.8367,56.395],[9.8184,56.3962],[9.7979,56.4135],[9.8079,56.4198],[9.8422,56.4158],[9.8498,56.4333],[9.8442,56.4475],[9.788,56.4438],[9.7762,56.4497]]]},"properties":{"kode":"730","navn":"Randers"}},{"type":"Feature","geometry":{"type":"MultiPolygon","coordinates":[[[[12.6479,55.6463],[12.6273,55.6414],[12.5923,55.638],[12.5897,55.6221],[12.5718,55.6158],[12.5132,55.6138],[12.5516,55.64],[12.5682,55.6612],[12.6058,55.6855],[12.6082,55.6973],[12.6249,55.6975],[12.6489,55.6756],[12.635,55.6643],[12.6479,55.6463]]],[[[12.4586,55.7168],[12.4843,55.7248],[12.5135,55.7199],[12.5215,55.7278],[12.5831,55.7218],[12.6024,55.7257],[12.6232,55.7178],[12.6116,55.7097],[12.592,55.7061],[12.5994,55.6883],[12.594,55.679],[12.5626,55.6633],[12.5586,55.6517],[12.546,55.6393],[12.5065,55.6359],[12.4778,55.657],[12.4782,55.6655],[12.4672,55.6858],[12.4637,55.7029],[12.453,55.7122],[12.4586,55.7168]],[[12.4933,55.6726],[12.5233,55.6665],[12.5551,55.6735],[12.5573,55.6817],[12.5322,55.6971],[12.4989,55.6861],[12.4933,55.6726]]]]},"properties":{"kode":"101","navn":"København"}},{"type":"Feature","geometry":{"type":"Polygon","coordinates":[[[12.4162,55.753],[12.4464,55.7498],[12.4454,55.7404],[12.4586,55.7168],[12.453,55.7122],[12.4286,55.7076],[12.4248,55.7087],[12.426,55.7172],[12.4072,55.7293],[12.3934,55.7511],[12.3943,55.7583],[12.4162,55.753]]]},"properties":{"kode":"163","navn":"Herlev"}},{"type":"Feature","geometry":{"type":"MultiPolygon","coordinates":[[[[11.548,54.8289],[11.5367,54.8037],[11.5515,54.7928],[11.555,54.783],[11.5411,54.7737],[11.5478,54.7617],[11.5788,54.7413],[11.5704,54.7244],[11.5743,54.7099],[11.5534,54.6737],[11.567,54.6698],[11.561,54.6591],[11.5441,54.6403],[11.497,54.6354],[11.4608,54.6111],[11.4469,54.6139],[11.4143,54.6305],[11.3439,54.6552],[11.3238,54.6661],[11.2975,54.6858],[11.2539,54.7054],[11.226,54.7089],[11.1214,54.7365],[11.0655,54.7455],[11.0056,54.7625],[10.9751,54.7955],[11.0083,54.8019],[11.0149,54.815],[11.0411,54.8105],[11.0449,54.7989],[11.0692,54.7993],[11.112,54.8246],[11.1057,54.835],[11.0803,54.8392],[11.0779,54.8482],[11.0157,54.889],[11.0278,54.9134],[11.0601,54.9282],[11.0736,54.9399],[11.1291,54.9447],[11.1616,54.9568],[11.1816,54.9608],[11.2678,54.9561],[11.2935,54.9456],[11.3192,54.9237],[11.3461,54.9216],[11.3575,54.9156],[11.3645,54.8947],[11.3786,54.8856],[11.4205,54.8708],[11.4278,54.8626],[11.4473,54.8657],[11.4688,54.8591],[11.464,54.8453],[11.4896,54.8367],[11.548,54.8289]]],[[[11.3964,54.9527],[11.4103,54.9494],[11.4111,54.9687],[11.4256,54.9629],[11.4564,54.9622],[11.4699,54.9517],[11.4649,54.9442],[11.4344,54.9448],[11.4055,54.9224],[11.3739,54.936],[11.3496,54.9655],[11.3964,54.9527]]],[[[11.5114,54.9737],[11.5024,54.9866],[11.5203,54.9914],[11.5444,54.9895],[11.5676,54.9726],[11.5431,54.9556],[11.5248,54.9575],[11.5114,54.9737]]],[[[11.4821,54.9058],[11.4977,54.8995],[11.507,54.8893],[11.4783,54.8868],[11.4821,54.9058]]]]},"properties":{"kode":"360","navn":"Lolland"}},{"type":"Feature","geometry":{"type":"MultiPolygon","coordinates":[[[[11.8594,54.7765],[11.8367,54.7869],[11.831,54.7966],[11.8121,54.7989],[11.7944,54.8101],[11.8148,54.8283],[11.8025,54.847],[11.7837,54.8537],[11.7549,54.856],[11.7495,54.8708],[11.7568,54.8793],[11.7406,54.8964],[11.7545,54.9114],[11.7453,54.9295],[11.7073,54.9303],[11.7209,54.9444],[11.7437,54.9606],[11.7669,54.9611],[11.7832,54.9548],[11.8009,54.9364],[11.8225,54.9441],[11.8292,54.9596],[11.8526,54.957],[11.8772,54.9436],[11.8899,54.9306],[11.8894,54.9225],[11.9044,54.9173],[11.9244,54.9245],[11.9252,54.9341],[11.9522,54.9397],[11.9751,54.9368],[11.9897,54.9008],[12.0006,54.896],[12.0522,54.8892],[12.073,54.8933],[12.1208,54.8868],[12.1308,54.8641],[12.1561,54.8474],[12.1658,54.8341],[12.1597,54.8284],[12.1347,54.8224],[12.1162,54.8],[12.0867,54.7912],[12.0403,54.7568],[12.0252,54.7313],[12.0156,54.7225],[11.9875,54.7083],[11.9739,54.6956],[11.9632,54.6736],[11.9612,54.6501],[11.9653,54.6163],[11.974,54.5756],[11.97,54.5591],[11.918,54.5746],[11.9218,54.5849],[11.9167,54.6025],[11.8922,54.629],[11.8727,54.6455],[11.8663,54.6571],[11.8794,54.6903],[11.9101,54.7133],[11.9021,54.7187],[11.87,54.7268],[11.875,54.7414],[11.8843,54.747],[11.8676,54.7596],[11.8594,54.7765]]],[[[11.561,54.6591],[11.567,54.6698],[11.5534,54.6737],[11.5743,54.7099],[11.5704,54.7244],[11.5788,54.7413],[11.5478,54.7617],[11.5411,54.7737],[11.555,54.783],[11.5515,54.7928],[11.5367,54.8037],[11.548,54.8289],[11.5629,54.8239],[11.5783,54.8334],[11.5614,54.8458],[11.584,54.8574],[11.6091,54.8487],[11.638,54.8581],[11.6485,54.8885],[11.6363,54.8992],[11.6496,54.9031],[11.6725,54.896],[11.6831,54.887],[11.7204,54.8726],[11.7421,54.8751],[11.7372,54.8586],[11.7496,54.8393],[11.7801,54.8314],[11.7804,54.8105],[11.81,54.7917],[11.8509,54.7737],[11.8667,54.7387],[11.8469,54.7266],[11.8161,54.7268],[11.809,54.7156],[11.816,54.704],[11.8605,54.6865],[11.8411,54.6662],[11.8219,54.6589],[11.8335,54.6529],[11.8024,54.6427],[11.7855,54.6491],[11.7194,54.6536],[11.6876,54.6645],[11.6575,54.6597],[11.6295,54.6632],[11.6077,54.6595],[11.5909,54.6649],[11.5821,54.6569],[11.561,54.6591]]]]},"properties":{"kode":"376","navn":"Guldborgsund"}},{"type":"Feature","geometry":{"type":"Polygon","coordinates":[[[8.9063,56.8967],[8.897,56.8778],[8.8443,56.8856],[8.8278,56.8657],[8.8397,56.8501],[8.8438,56.8309],[8.8525,56.8198],[8.8747,56.8066],[8.8542,56.7875],[8.864,56.7809],[8.8439,56.7747],[8.8364,56.7631],[8.8412,56.7527],[8.8309,56.7392],[8.8008,56.7273],[8.7681,56.704],[8.7763,56.6948],[8.7289,56.681],[8.7042,56.6823],[8.6426,56.6685],[8.6347,56.6804],[8.6351,56.6927],[8.6141,56.706],[8.5915,56.7312],[8.577,56.7228],[8.59,56.7086],[8.5627,56.7027],[8.5502,56.7186],[8.5703,56.7234],[8.5617,56.7325],[8.5387,56.7398],[8.5153,56.7257],[8.5041,56.7385],[8.5104,56.7467],[8.5401,56.7563],[8.5553,56.7556],[8.551,56.7772],[8.5418,56.7878],[8.5678,56.7879],[8.575,56.795],[8.6349,56.7946],[8.6666,56.8067],[8.6624,56.8169],[8.6183,56.8203],[8.6096,56.8259],[8.6313,56.8391],[8.649,56.8573],[8.6453,56.8792],[8.6376,56.8846],[8.6699,56.8904],[8.6881,56.8874],[8.726,56.8914],[8.7363,56.8888],[8.7568,56.8979],[8.8208,56.9055],[8.8304,56.9308],[8.868,56.9502],[8.8909,56.9524],[8.9077,56.9478],[8.9212,56.9163],[8.9108,56.9095],[8.9063,56.8967]]]},"properties":{"kode":"773","navn":"Morsø"}},{"type":"Feature","geometry":{"type":"Polygon","coordinates":[[[9.6405,56.0646],[9.644,56.0815],[9.6357,56.0891],[9.6331,56.1062],[9.6521,56.1217],[9.6962,56.1138],[9.7513,56.138],[9.7456,56.1586],[9.7803,56.164],[9.8157,56.1645],[9.8415,56.171],[9.8583,56.1687],[9.8588,56.1894],[9.88,56.1987],[9.898,56.2141],[9.9321,56.2093],[9.9403,56.216],[9.9796,56.2129],[9.9909,56.2056],[9.988,56.1957],[9.9968,56.1787],[9.9599,56.1728],[9.9745,56.1594],[9.9486,56.1444],[9.9581,56.1303],[9.9739,56.1279],[9.9746,56.1156],[9.99,56.1083],[10.0083,56.1124],[10.024,56.1042],[10.0422,56.1043],[10.0763,56.0772],[10.0929,56.0704],[10.0709,56.0471],[10.048,56.0426],[10.0589,56.0319],[10.048,56.0126],[10.0289,56.0096],[10.0407,55.9966],[10.0136,55.9813],[9.9916,55.9819],[9.9679,55.9926],[9.9427,55.9691],[9.9022,55.971],[9.8798,55.9674],[9.8731,55.9557],[9.8537,55.9566],[9.8376,55.9628],[9.797,55.9889],[9.8115,56.0077],[9.7939,56.019],[9.7644,56.0169],[9.7471,56.0105],[9.7096,56.0109],[9.7009,56.0414],[9.7076,56.0566],[9.6405,56.0646]]]},"properties":{"kode":"746","navn":"Skanderborg"}},{"type":"Feature","geometry":{"type":"MultiPolygon","coordinates":[[[[9.8986,55.3399],[9.9321,55.3583],[9.9432,55.383],[9.9752,55.3773],[10.0036,55.3881],[10.0041,55.4028],[9.9928,55.4104],[9.989,55.4233],[10.0155,55.4283],[10.0388,55.4263],[10.0656,55.4317],[10.0899,55.4319],[10.1144,55.4255],[10.1348,55.4263],[10.143,55.4202],[10.2027,55.4056],[10.1966,55.3806],[10.1829,55.3693],[10.1877,55.3614],[10.2128,55.3659],[10.2589,55.3483],[10.257,55.3269],[10.2617,55.3146],[10.2843,55.3108],[10.2789,55.2978],[10.2561,55.2909],[10.2387,55.2733],[10.2103,55.2735],[10.1759,55.2651],[10.1715,55.238],[10.1883,55.2313],[10.1968,55.2194],[10.2232,55.2209],[10.1986,55.1939],[10.1768,55.1809],[10.171,55.1711],[10.1344,55.1609],[10.1068,55.1901],[10.0823,55.1759],[10.0556,55.1764],[10.0224,55.1811],[10.0177,55.1956],[9.9992,55.2015],[9.9937,55.1974],[10.0014,55.1861],[9.9845,55.1879],[9.9863,55.1756],[10.0257,55.1495],[10.0428,55.1305],[10.0245,55.1205],[10.0045,55.1232],[9.9793,55.1322],[9.9908,55.1529],[9.9817,55.1673],[9.9838,55.1871],[9.988,55.2019],[9.9776,55.2139],[9.9632,55.2189],[9.9279,55.2193],[9.9192,55.2308],[9.8959,55.2397],[9.8971,55.2554],[9.8849,55.2596],[9.8904,55.2746],[9.893,55.3059],[9.8773,55.3324],[9.8986,55.3399]]],[[[9.7975,55.2958],[9.7901,55.316],[9.7959,55.3259],[9.8201,55.327],[9.8302,55.3105],[9.8277,55.3009],[9.7975,55.2958]]]]},"properties":{"kode":"420","navn":"Assens"}},{"type":"Feature","geometry":{"type":"MultiPolygon","coordinates":[[[[9.7577,55.2711],[9.7589,55.2496],[9.7313,55.2526],[9.7262,55.2698],[9.7577,55.2711]]],[[[8.9364,55.2207],[8.9328,55.2442],[8.9389,55.2734],[8.9079,55.279],[8.9137,55.2906],[8.9271,55.2999],[8.892,55.3231],[8.9068,55.3231],[8.9398,55.3126],[8.967,55.3237],[8.9755,55.3381],[9.0249,55.3318],[9.0295,55.3228],[9.0642,55.3152],[9.0685,55.3108],[9.1096,55.3355],[9.1165,55.323],[9.1156,55.2968],[9.1617,55.2894],[9.1772,55.2898],[9.1988,55.2974],[9.1874,55.3032],[9.188,55.3238],[9.1977,55.3419],[9.2151,55.3339],[9.2263,55.3514],[9.2407,55.3613],[9.2385,55.3749],[9.2536,55.3819],[9.2809,55.3789],[9.2802,55.3741],[9.308,55.3639],[9.303,55.3534],[9.3435,55.338],[9.3436,55.3316],[9.3647,55.3118],[9.3795,55.3135],[9.3996,55.3379],[9.4295,55.3501],[9.4458,55.3437],[9.4543,55.3287],[9.4449,55.3189],[9.4789,55.3087],[9.4991,55.317],[9.5304,55.3171],[9.5488,55.336],[9.6005,55.3572],[9.6241,55.3564],[9.6419,55.3458],[9.6505,55.3287],[9.6391,55.3194],[9.6559,55.2978],[9.671,55.287],[9.6652,55.2781],[9.7129,55.2613],[9.7189,55.2509],[9.7106,55.233],[9.6789,55.2193],[9.692,55.2086],[9.6936,55.1949],[9.6716,55.1892],[9.6365,55.1757],[9.6293,55.1895],[9.6041,55.1937],[9.5833,55.1915],[9.5615,55.1777],[9.5219,55.1625],[9.5047,55.1591],[9.5055,55.1351],[9.5153,55.1256],[9.4743,55.1314],[9.4538,55.1464],[9.4101,55.1537],[9.3917,55.1489],[9.3555,55.1565],[9.3387,55.1572],[9.3187,55.1671],[9.295,55.1668],[9.2963,55.1527],[9.2882,55.1359],[9.2722,55.131],[9.2495,55.1394],[9.2318,55.15],[9.2486,55.1655],[9.2213,55.1681],[9.2155,55.175],[9.1819,55.1756],[9.1742,55.1647],[9.1251,55.156],[9.1197,55.1665],[9.1037,55.1655],[9.1369,55.1913],[9.1686,55.1962],[9.1663,55.2074],[9.1375,55.2327],[9.1035,55.2407],[9.075,55.2409],[9.0171,55.2287],[8.9976,55.2123],[8.9672,55.2127],[8.9635,55.1918],[8.9373,55.1963],[8.9364,55.2207]]]]},"properties":{"kode":"510","navn":"Haderslev"}},{"type":"Feature","geometry":{"type":"MultiPolygon","coordinates":[[[[8.7589,55.8061],[8.7224,55.8138],[8.7069,55.8247],[8.708,55.8378],[8.6762,55.8483],[8.6573,55.8443],[8.6258,55.8449],[8.5927,55.8349],[8.5666,55.8499],[8.5323,55.8412],[8.5463,55.8223],[8.5128,55.8103],[8.5086,55.7984],[8.5139,55.7876],[8.4947,55.7768],[8.4622,55.7808],[8.4494,55.7764],[8.4407,55.7881],[8.4034,55.8026],[8.38,55.8015],[8.3508,55.8223],[8.3218,55.801],[8.3037,55.7974],[8.2841,55.8015],[8.2711,55.7972],[8.2446,55.8116],[8.2249,55.8136],[8.2284,55.8255],[8.2041,55.8324],[8.1799,55.8306],[8.1871,55.8464],[8.209,55.8625],[8.2125,55.8807],[8.2052,55.8876],[8.214,55.8974],[8.2344,55.8828],[8.2587,55.8842],[8.2796,55.8775],[8.2605,55.8663],[8.2579,55.8468],[8.2802,55.8505],[8.327,55.8692],[8.3354,55.8783],[8.3834,55.9055],[8.3699,55.9188],[8.3762,55.9228],[8.3759,55.9427],[8.3608,55.9617],[8.3207,55.9856],[8.3065,56.0142],[8.3086,56.0278],[8.3019,56.0455],[8.3039,56.0582],[8.2761,56.0691],[8.235,56.0903],[8.208,56.0981],[8.1658,56.1062],[8.1422,56.1137],[8.1454,56.0982],[8.1329,56.0896],[8.1236,56.0354],[8.1324,56.0105],[8.1116,55.9999],[8.0981,56.0442],[8.0985,56.0672],[8.1038,56.1057],[8.1283,56.2105],[8.1306,56.2383],[8.1288,56.2626],[8.1511,56.255],[8.1599,56.2574],[8.2042,56.2522],[8.2707,56.2275],[8.2945,56.2343],[8.3334,56.2371],[8.3423,56.2341],[8.3597,56.2475],[8.3896,56.254],[8.4187,56.2455],[8.435,56.2451],[8.4581,56.2386],[8.4593,56.2312],[8.478,56.2223],[8.4697,56.2141],[8.4841,56.2054],[8.485,56.1936],[8.5147,56.1945],[8.5628,56.1859],[8.5805,56.175],[8.5859,56.1477],[8.6245,56.145],[8.6412,56.1253],[8.6535,56.1288],[8.6658,56.1435],[8.7311,56.1448],[8.7424,56.1345],[8.7661,56.1364],[8.7598,56.1147],[8.7816,56.0975],[8.8097,56.1019],[8.8301,56.097],[8.8335,56.0841],[8.8284,56.0719],[8.8636,56.0682],[8.8567,56.0522],[8.8226,56.0547],[8.7774,56.0493],[8.803,56.0308],[8.7977,56.0206],[8.7581,56.0042],[8.7588,55.9833],[8.7384,55.9717],[8.7284,55.9466],[8.7526,55.9088],[8.8109,55.8911],[8.8427,55.8879],[8.8396,55.8818],[8.8231,55.8475],[8.7945,55.8378],[8.8272,55.8199],[8.7589,55.8061]]],[[[8.184,55.819],[8.171,55.8154],[8.1541,55.8761],[8.1506,55.9102],[8.1396,55.9561],[8.157,55.9563],[8.1715,55.9499],[8.1676,55.9297],[8.1758,55.9117],[8.1685,55.9056],[8.1837,55.8826],[8.1793,55.874],[8.1962,55.863],[8.1743,55.8446],[8.184,55.819]]]]},"properties":{"kode":"760","navn":"Ringkøbing-Skjern"}},{"type":"Feature","geometry":{"type":"MultiPolygon","coordinates":[[[[10.3722,54.9786],[10.4044,54.9773],[10.4403,54.9702],[10.4205,54.9625],[10.3904,54.977],[10.3722,54.9786]]],[[[10.3822,55.0595],[10.3947,55.0749],[10.3961,55.0874],[10.4076,55.0901],[10.3936,55.1027],[10.4089,55.1163],[10.4124,55.1284],[10.4276,55.139],[10.4451,55.1377],[10.4549,55.1499],[10.4828,55.1608],[10.5188,55.1582],[10.5252,55.1661],[10.5894,55.158],[10.5967,55.1778],[10.6101,55.181],[10.6208,55.195],[10.6516,55.1919],[10.6996,55.1781],[10.7099,55.1813],[10.7393,55.1736],[10.7463,55.197],[10.7781,55.2091],[10.7795,55.221],[10.8104,55.211],[10.8125,55.2064],[10.8001,55.1704],[10.7908,55.1618],[10.7798,55.1342],[10.7788,55.1207],[10.7652,55.1006],[10.753,55.0923],[10.7436,55.0688],[10.713,55.061],[10.6896,55.0636],[10.6843,55.058],[10.6364,55.0598],[10.6156,55.0575],[10.598,55.0474],[10.5589,55.0371],[10.5107,55.0268],[10.4891,55.0312],[10.4805,55.0393],[10.4322,55.0419],[10.4152,55.0395],[10.3863,55.049],[10.3822,55.0595]]],[[[10.54,54.9682],[10.5251,54.9773],[10.5261,54.9886],[10.5136,55.0051],[10.53,55.0082],[10.5435,55.0172],[10.573,55.0264],[10.583,55.0353],[10.6252,55.0543],[10.6429,55.0455],[10.6384,55.0369],[10.6567,55.0339],[10.6349,54.9951],[10.6231,54.9898],[10.635,54.9811],[10.6568,54.9789],[10.671,54.9947],[10.6919,54.9969],[10.6887,54.9746],[10.6523,54.9717],[10.6315,54.9607],[10.62,54.9482],[10.5837,54.9556],[10.5796,54.9483],[10.5482,54.9545],[10.54,54.9682]]],[[[10.6707,55.0376],[10.6525,55.0379],[10.6471,55.049],[10.6932,55.055],[10.708,55.0534],[10.7156,55.0386],[10.682,55.0296],[10.6707,55.0376]]]]},"properties":{"kode":"479","navn":"Svendborg"}},{"type":"Feature","geometry":{"type":"Polygon","coordinates":[[[9.0002,56.414],[9.0605,56.3919],[9.0751,56.38],[9.0741,56.3709],[9.1062,56.3522],[9.1122,56.3351],[9.0798,56.3191],[9.0537,56.336],[9.0425,56.3256],[9.0425,56.3146],[9.0672,56.3047],[9.0878,56.2765],[9.1187,56.2774],[9.1113,56.2673],[9.1561,56.2365],[9.1429,56.2321],[9.1496,56.2089],[9.1067,56.2088],[9.0708,56.1748],[9.1124,56.1613],[9.1038,56.1391],[9.1104,56.1229],[9.1015,56.1037],[9.1199,56.0961],[9.1403,56.0674],[9.1782,56.0636],[9.1527,56.055],[9.1878,56.0511],[9.1665,56.0235],[9.1257,56.025],[9.1322,56.001],[9.1063,55.991],[9.0469,55.9829],[9.0096,55.9929],[8.986,55.9926],[8.9825,55.9832],[8.9923,55.9744],[9.0128,55.9686],[8.998,55.9471],[8.9986,55.915],[8.9655,55.8849],[8.9433,55.8922],[8.8652,55.8954],[8.8555,55.8802],[8.8396,55.8818],[8.8427,55.8879],[8.8109,55.8911],[8.7526,55.9088],[8.7284,55.9466],[8.7384,55.9717],[8.7588,55.9833],[8.7581,56.0042],[8.7977,56.0206],[8.803,56.0308],[8.7774,56.0493],[8.8226,56.0547],[8.8567,56.0522],[8.8636,56.0682],[8.8284,56.0719],[8.8335,56.0841],[8.8301,56.097],[8.8097,56.1019],[8.7816,56.0975],[8.7598,56.1147],[8.7661,56.1364],[8.7424,56.1345],[8.7311,56.1448],[8.6658,56.1435],[8.6535,56.1288],[8.6412,56.1253],[8.6245,56.145],[8.5859,56.1477],[8.5805,56.175],[8.5628,56.1859],[8.5147,56.1945],[8.485,56.1936],[8.4841,56.2054],[8.4697,56.2141],[8.478,56.2223],[8.4593,56.2312],[8.4581,56.2386],[8.435,56.2451],[8.4807,56.2651],[8.4637,56.2737],[8.4613,56.2842],[8.4817,56.287],[8.4954,56.2824],[8.5169,56.3017],[8.5469,56.3008],[8.572,56.2907],[8.6063,56.2848],[8.6564,56.2977],[8.6637,56.2847],[8.6779,56.2782],[8.698,56.2851],[8.7397,56.28],[8.7429,56.2884],[8.8073,56.3108],[8.8141,56.3214],[8.7957,56.3234],[8.7702,56.3344],[8.7855,56.3649],[8.8038,56.3486],[8.8757,56.3405],[8.8973,56.3552],[8.9136,56.3793],[8.9562,56.3794],[8.9605,56.4014],[9.0002,56.414]]]},"properties":{"kode":"657","navn":"Herning"}},{"type":"Feature","geometry":{"type":"Polygon","coordinates":[[[12.3262,55.8124],[12.3366,55.8023],[12.3084,55.777],[12.3,55.7635],[12.2883,55.7515],[12.3137,55.7486],[12.3312,55.7425],[12.3336,55.7341],[12.3206,55.7286],[12.3233,55.7173],[12.3419,55.7097],[12.3351,55.7003],[12.311,55.6937],[12.2525,55.7053],[12.2508,55.7084],[12.2288,55.7171],[12.2084,55.7306],[12.2263,55.7339],[12.2216,55.7459],[12.2087,55.7507],[12.1923,55.7464],[12.157,55.7484],[12.1497,55.7564],[12.1133,55.7678],[12.1087,55.7748],[12.1195,55.786],[12.1354,55.8115],[12.1247,55.8223],[12.152,55.8215],[12.1704,55.8275],[12.189,55.8182],[12.2074,55.8278],[12.2382,55.8188],[12.2616,55.8163],[12.2971,55.8199],[12.3262,55.8124]]]},"properties":{"kode":"240","navn":"Egedal"}},{"type":"Feature","geometry":{"type":"Polygon","coordinates":[[[12.4247,55.6695],[12.413,55.6597],[12.3712,55.6602],[12.3678,55.6683],[12.3944,55.6749],[12.3963,55.6857],[12.3875,55.6973],[12.3882,55.7069],[12.4248,55.7087],[12.4286,55.7076],[12.4324,55.6887],[12.4247,55.6695]]]},"properties":{"kode":"161","navn":"Glostrup"}},{"type":"Feature","geometry":{"type":"Polygon","coordinates":[[[12.4933,55.6726],[12.4989,55.6861],[12.5322,55.6971],[12.5573,55.6817],[12.5551,55.6735],[12.5233,55.6665],[12.4933,55.6726]]]},"properties":{"kode":"147","navn":"Frederiksberg"}},{"type":"Feature","geometry":{"type":"Polygon","coordinates":[[[9.7713,57.3071],[9.7373,57.3373],[9.7067,57.3523],[9.6902,57.3556],[9.7348,57.3999],[9.7772,57.4571],[9.7946,57.4765],[9.8169,57.4882],[9.876,57.5242],[9.9187,57.5645],[9.9348,57.583],[9.9513,57.5913],[9.977,57.594],[10.0289,57.5898],[10.0518,57.5917],[10.1078,57.5885],[10.1597,57.5933],[10.2172,57.6066],[10.245,57.6111],[10.2709,57.6194],[10.2765,57.6121],[10.3369,57.6067],[10.3125,57.5539],[10.3386,57.5266],[10.3479,57.5263],[10.375,57.5056],[10.3701,57.5001],[10.3908,57.4922],[10.4033,57.4747],[10.3679,57.4708],[10.3605,57.4526],[10.3116,57.4473],[10.2991,57.4261],[10.3228,57.419],[10.3199,57.4099],[10.3341,57.394],[10.3516,57.3902],[10.3766,57.3911],[10.3741,57.3808],[10.3441,57.3792],[10.3279,57.3819],[10.3034,57.3759],[10.241,57.3848],[10.2244,57.3601],[10.1877,57.3575],[10.192,57.3373],[10.1733,57.3358],[10.1668,57.3269],[10.1442,57.3296],[10.0986,57.3241],[10.0687,57.3317],[10.0677,57.3153],[10.044,57.3143],[10.0282,57.3218],[9.9906,57.3276],[9.9776,57.3332],[9.9462,57.3351],[9.9408,57.3202],[9.9006,57.3288],[9.8943,57.3389],[9.8667,57.3427],[9.8525,57.3327],[9.8316,57.3386],[9.8248,57.3164],[9.7922,57.3153],[9.7713,57.3071]]]},"properties":{"kode":"860","navn":"Hjørring"}},{"type":"Feature","geometry":{"type":"MultiPolygon","coordinates":[[[[9.247,56.5723],[9.2406,56.5642],[9.2226,56.5597],[9.2307,56.5497],[9.1936,56.5247],[9.1873,56.5262],[9.1178,56.5188],[9.1051,56.5295],[9.0858,56.5361],[9.0498,56.5222],[9.0194,56.525],[9.0041,56.5156],[8.9722,56.5175],[8.9872,56.502],[8.9874,56.4917],[8.9634,56.4961],[8.9328,56.4963],[8.9071,56.4996],[8.861,56.4976],[8.8687,56.5182],[8.8537,56.5301],[8.8552,56.545],[8.8434,56.5579],[8.803,56.5662],[8.7665,56.557],[8.762,56.5526],[8.7533,56.5643],[8.7037,56.5842],[8.6921,56.6052],[8.6767,56.6095],[8.6769,56.6224],[8.6926,56.6275],[8.727,56.6234],[8.7575,56.6399],[8.7737,56.654],[8.7843,56.6745],[8.8129,56.6944],[8.8349,56.6874],[8.8517,56.6934],[8.9017,56.6925],[8.9186,56.6988],[8.9018,56.7106],[8.876,56.7052],[8.8248,56.707],[8.8549,56.7444],[8.8699,56.7527],[8.8667,56.761],[8.9134,56.776],[8.9256,56.7871],[8.9617,56.8016],[9.0077,56.7898],[9.0244,56.7884],[9.0307,56.8005],[9.0669,56.8029],[9.1126,56.7867],[9.1074,56.7784],[9.1188,56.7562],[9.1315,56.7404],[9.1745,56.7117],[9.1411,56.6956],[9.1207,56.6779],[9.1179,56.6671],[9.0977,56.6682],[9.1009,56.6463],[9.0836,56.6428],[9.0558,56.6288],[9.044,56.6093],[9.0427,56.5932],[9.0541,56.5644],[9.0763,56.5567],[9.0972,56.5789],[9.0897,56.5911],[9.0953,56.6029],[9.1191,56.6074],[9.1285,56.5994],[9.1517,56.6099],[9.1497,56.6194],[9.1266,56.6161],[9.1126,56.6201],[9.1378,56.6338],[9.15,56.6365],[9.1683,56.6219],[9.1859,56.621],[9.2108,56.63],[9.2564,56.6276],[9.2846,56.6221],[9.2904,56.6095],[9.2828,56.5988],[9.2572,56.5878],[9.247,56.5723]]],[[[9.01,56.796],[8.9821,56.8113],[8.9561,56.8375],[9.0054,56.8441],[9.0442,56.8465],[9.0644,56.8435],[9.0618,56.8298],[9.0471,56.8204],[9.025,56.8141],[9.0225,56.8036],[9.01,56.796]]]]},"properties":{"kode":"779","navn":"Skive"}},{"type":"Feature","geometry":{"type":"Polygon","coordinates":[[[10.6054,55.3234],[10.6086,55.3289],[10.5761,55.3426],[10.5368,55.362],[10.5059,55.3878],[10.5006,55.4058],[10.4808,55.4183],[10.524,55.4197],[10.5264,55.4327],[10.5087,55.4402],[10.4983,55.453],[10.484,55.4734],[10.523,55.4655],[10.54,55.4764],[10.5525,55.4713],[10.5801,55.4826],[10.6043,55.4833],[10.6267,55.491],[10.6199,55.5043],[10.5695,55.517],[10.5685,55.5258],[10.5864,55.5319],[10.6193,55.5157],[10.6207,55.5455],[10.6356,55.5675],[10.6285,55.5898],[10.619,55.5982],[10.6297,55.607],[10.6521,55.5892],[10.68,55.5565],[10.7053,55.5388],[10.7029,55.5276],[10.7213,55.5036],[10.7393,55.4951],[10.7491,55.4799],[10.7373,55.4741],[10.7129,55.4758],[10.6719,55.4635],[10.665,55.4517],[10.6529,55.447],[10.6147,55.4494],[10.5918,55.4614],[10.5569,55.4555],[10.5534,55.4379],[10.5646,55.4276],[10.5832,55.4282],[10.5751,55.4506],[10.5854,55.4571],[10.6339,55.4396],[10.6527,55.442],[10.6633,55.4498],[10.6881,55.4371],[10.7017,55.4245],[10.6921,55.4107],[10.6452,55.4116],[10.6477,55.4006],[10.6381,55.3931],[10.6504,55.3814],[10.6339,55.3717],[10.6148,55.3712],[10.6029,55.3597],[10.6233,55.3577],[10.6377,55.3436],[10.6054,55.3234]]]},"properties":{"kode":"440","navn":"Kerteminde"}},{"type":"Feature","geometry":{"type":"Polygon","coordinates":[[[10.2749,54.8984],[10.2466,54.919],[10.2355,54.9446],[10.2118,54.958],[10.2216,54.968],[10.2351,54.9521],[10.2592,54.9414],[10.2827,54.9398],[10.3245,54.9149],[10.3366,54.9002],[10.3642,54.8949],[10.3711,54.8847],[10.4053,54.8968],[10.4177,54.8797],[10.4483,54.8623],[10.4638,54.8748],[10.4813,54.8811],[10.5174,54.8609],[10.5183,54.8437],[10.4641,54.8404],[10.4372,54.8302],[10.4348,54.8223],[10.4154,54.8179],[10.3986,54.8283],[10.373,54.8371],[10.3435,54.8563],[10.3205,54.8765],[10.2881,54.8886],[10.2749,54.8984]]]},"properties":{"kode":"492","navn":"Ærø"}},{"type":"Feature","geometry":{"type":"MultiPolygon","coordinates":[[[[10.0899,55.4319],[10.0694,55.4469],[10.0667,55.4547],[10.0434,55.4806],[10.0418,55.4916],[10.0297,55.5035],[10.0041,55.5076],[9.9857,55.5159],[9.9813,55.5302],[10.0205,55.5449],[10.0382,55.5574],[10.0736,55.5616],[10.0809,55.5667],[10.1164,55.5778],[10.1379,55.577],[10.1785,55.589],[10.1937,55.5885],[10.2102,55.6001],[10.2331,55.6045],[10.2706,55.6067],[10.2858,55.5945],[10.2935,55.5818],[10.316,55.5888],[10.3035,55.596],[10.3046,55.609],[10.2931,55.6216],[10.3243,55.6201],[10.3696,55.6024],[10.4157,55.589],[10.4546,55.5667],[10.5061,55.5445],[10.4702,55.5288],[10.4842,55.5205],[10.4846,55.5117],[10.5039,55.5015],[10.4849,55.4974],[10.4732,55.4865],[10.4581,55.489],[10.4383,55.4701],[10.3955,55.4663],[10.3925,55.4745],[10.3737,55.4808],[10.345,55.4755],[10.3337,55.4634],[10.3086,55.4789],[10.2833,55.4554],[10.2587,55.4545],[10.2578,55.4434],[10.2417,55.4395],[10.2455,55.4277],[10.2226,55.4221],[10.2167,55.4108],[10.2027,55.4056],[10.143,55.4202],[10.1348,55.4263],[10.1144,55.4255],[10.0899,55.4319]]],[[[10.182,55.6047],[10.1789,55.6302],[10.1625,55.6424],[10.1899,55.6431],[10.1818,55.6303],[10.182,55.6047]]]]},"properties":{"kode":"480","navn":"Nordfyns"}},{"type":"Feature","geometry":{"type":"Polygon","coordinates":[[[8.2444,56.3505],[8.2629,56.3473],[8.2781,56.3508],[8.299,56.3729],[8.3194,56.3581],[8.3452,56.3714],[8.3466,56.3764],[8.3979,56.3899],[8.4317,56.3889],[8.4544,56.391],[8.4689,56.4018],[8.492,56.3974],[8.5075,56.4011],[8.509,56.4208],[8.5471,56.4229],[8.5526,56.4144],[8.5747,56.4108],[8.585,56.4239],[8.6237,56.415],[8.6262,56.4057],[8.6636,56.3989],[8.6817,56.413],[8.7054,56.4509],[8.7026,56.4689],[8.7124,56.4761],[8.7313,56.4783],[8.7422,56.4901],[8.7405,56.5213],[8.7351,56.5289],[8.7473,56.544],[8.762,56.5526],[8.7665,56.557],[8.803,56.5662],[8.8434,56.5579],[8.8552,56.545],[8.8537,56.5301],[8.8687,56.5182],[8.861,56.4976],[8.9071,56.4996],[8.9328,56.4963],[8.9634,56.4961],[8.9874,56.4917],[8.9835,56.4547],[9.0009,56.4452],[8.9947,56.4274],[9.0002,56.414],[8.9605,56.4014],[8.9562,56.3794],[8.9136,56.3793],[8.8973,56.3552],[8.8757,56.3405],[8.8038,56.3486],[8.7855,56.3649],[8.7702,56.3344],[8.7957,56.3234],[8.8141,56.3214],[8.8073,56.3108],[8.7429,56.2884],[8.7397,56.28],[8.698,56.2851],[8.6779,56.2782],[8.6637,56.2847],[8.6564,56.2977],[8.6063,56.2848],[8.572,56.2907],[8.5469,56.3008],[8.5169,56.3017],[8.4954,56.2824],[8.4817,56.287],[8.4613,56.2842],[8.4637,56.2737],[8.4807,56.2651],[8.435,56.2451],[8.4187,56.2455],[8.3896,56.254],[8.3597,56.2475],[8.3423,56.2341],[8.3334,56.2371],[8.2945,56.2343],[8.2707,56.2275],[8.2042,56.2522],[8.1599,56.2574],[8.1511,56.255],[8.1288,56.2626],[8.1225,56.2995],[8.1301,56.3289],[8.1655,56.3368],[8.1688,56.3232],[8.1918,56.3268],[8.208,56.3201],[8.2365,56.3218],[8.2446,56.3017],[8.2379,56.2938],[8.2517,56.2879],[8.2855,56.3047],[8.2933,56.3168],[8.258,56.3257],[8.2444,56.3505]]]},"properties":{"kode":"661","navn":"Holstebro"}},{"type":"Feature","geometry":{"type":"MultiPolygon","coordinates":[[[[11.0316,57.214],[11.0385,57.2064],[11.0134,57.2015],[10.9998,57.21],[11.0316,57.214]]],[[[11.1132,57.2975],[11.0808,57.2891],[11.094,57.2788],[11.0876,57.2551],[11.0597,57.2344],[10.9951,57.2173],[10.9735,57.2195],[10.9702,57.2292],[10.9474,57.2362],[10.9429,57.2444],[10.9144,57.2436],[10.8783,57.2521],[10.8727,57.2649],[10.9027,57.2775],[10.9221,57.2947],[10.948,57.3025],[11.0093,57.3061],[11.0301,57.3186],[11.0651,57.3175],[11.1131,57.3188],[11.1428,57.3272],[11.1591,57.3271],[11.2001,57.3203],[11.1933,57.2979],[11.1466,57.3008],[11.1132,57.2975]]]]},"properties":{"kode":"825","navn":"Læsø"}},{"type":"Feature","geometry":{"type":"Polygon","coordinates":[[[8.903,55.6257],[8.8812,55.6378],[8.8902,55.6593],[8.8726,55.6727],[8.843,55.6691],[8.8184,55.6792],[8.7987,55.6832],[8.8005,55.6967],[8.8113,55.6975],[8.8172,55.7138],[8.8336,55.7324],[8.8147,55.739],[8.7777,55.7606],[8.7527,55.7585],[8.7499,55.7765],[8.7575,55.7798],[8.7589,55.8061],[8.8272,55.8199],[8.7945,55.8378],[8.8231,55.8475],[8.8396,55.8818],[8.8555,55.8802],[8.8652,55.8954],[8.9433,55.8922],[8.9655,55.8849],[8.9675,55.8652],[8.9594,55.8417],[8.9924,55.839],[9.0095,55.8307],[9.0301,55.8406],[9.0463,55.8365],[9.0588,55.8507],[9.0709,55.8445],[9.0777,55.8394],[9.0581,55.814],[9.065,55.8112],[9.0548,55.7691],[9.0845,55.7669],[9.1008,55.7704],[9.1171,55.7667],[9.1143,55.753],[9.1342,55.7487],[9.179,55.7465],[9.1745,55.7371],[9.1537,55.7338],[9.1579,55.7158],[9.1491,55.7023],[9.1677,55.6954],[9.1592,55.6848],[9.1499,55.639],[9.159,55.6292],[9.1887,55.6279],[9.185,55.6184],[9.1538,55.6146],[9.1234,55.6075],[9.1114,55.6005],[9.0824,55.5935],[9.0692,55.6012],[8.9934,55.6058],[8.9932,55.6183],[8.9771,55.6234],[8.929,55.6277],[8.903,55.6257]]]},"properties":{"kode":"530","navn":"Billund"}},{"type":"Feature","geometry":{"type":"Polygon","coordinates":[[[11.9139,55.5299],[11.9023,55.5431],[11.875,55.5449],[11.8602,55.5581],[11.8466,55.5636],[11.8534,55.5819],[11.822,55.5902],[11.8229,55.5996],[11.8111,55.6064],[11.7967,55.6402],[11.779,55.6515],[11.7791,55.6584],[11.813,55.6668],[11.8185,55.678],[11.8389,55.6881],[11.8405,55.7079],[11.8573,55.7314],[11.8758,55.7378],[11.9052,55.7314],[11.921,55.7362],[11.9221,55.7449],[11.948,55.7419],[11.9577,55.7344],[11.9812,55.7301],[11.9806,55.7164],[11.9318,55.6646],[11.9503,55.663],[11.9515,55.6752],[11.9901,55.6771],[12.0045,55.692],[12.0409,55.692],[12.0091,55.6671],[12.0128,55.6552],[12.0024,55.6382],[11.9897,55.6304],[11.9992,55.621],[12.0509,55.6166],[12.0516,55.6066],[12.0744,55.5933],[12.0582,55.5828],[12.0306,55.5821],[12.0129,55.5867],[12.0029,55.5743],[11.9794,55.5726],[11.9763,55.5416],[11.9698,55.5352],[11.9374,55.5267],[11.9139,55.5299]]]},"properties":{"kode":"350","navn":"Lejre"}},{"type":"Feature","geometry":{"type":"Polygon","coordinates":[[[9.8369,57.2168],[9.739,57.2375],[9.7467,57.2525],[9.783,57.271],[9.7839,57.2932],[9.7713,57.3071],[9.7922,57.3153],[9.8248,57.3164],[9.8316,57.3386],[9.8525,57.3327],[9.8667,57.3427],[9.8943,57.3389],[9.9006,57.3288],[9.9408,57.3202],[9.9462,57.3351],[9.9776,57.3332],[9.9906,57.3276],[10.0282,57.3218],[10.044,57.3143],[10.0677,57.3153],[10.0687,57.3317],[10.0986,57.3241],[10.1442,57.3296],[10.1668,57.3269],[10.1733,57.3358],[10.192,57.3373],[10.1925,57.3194],[10.2035,57.3067],[10.2225,57.2941],[10.2128,57.2853],[10.2149,57.2486],[10.2603,57.2513],[10.2591,57.2556],[10.2886,57.2678],[10.3186,57.263],[10.3242,57.2772],[10.344,57.267],[10.3833,57.2549],[10.3668,57.2436],[10.4144,57.2177],[10.4062,57.2081],[10.4217,57.1935],[10.4064,57.1849],[10.4302,57.1712],[10.4423,57.1701],[10.4225,57.1487],[10.4028,57.121],[10.3894,57.0886],[10.3641,57.0892],[10.3396,57.0705],[10.3284,57.0826],[10.3262,57.0989],[10.3105,57.1081],[10.221,57.1086],[10.1655,57.1162],[10.1355,57.1389],[10.1107,57.1493],[10.0812,57.154],[10.0193,57.193],[9.9913,57.1995],[9.941,57.2186],[9.934,57.2261],[9.9062,57.2296],[9.8905,57.2239],[9.8373,57.2225],[9.8369,57.2168]]]},"properties":{"kode":"810","navn":"Brønderslev"}},{"type":"Feature","geometry":{"type":"Polygon","coordinates":[[[12.4165,55.7951],[12.4121,55.8015],[12.4259,55.8126],[12.4196,55.8265],[12.3975,55.8305],[12.3928,55.8396],[12.4128,55.8501],[12.4267,55.8674],[12.4604,55.8674],[12.4705,55.8745],[12.4927,55.8772],[12.4982,55.8647],[12.5119,55.866],[12.5622,55.8626],[12.5745,55.8432],[12.5773,55.8118],[12.5821,55.8079],[12.5682,55.8096],[12.5446,55.8036],[12.5239,55.8043],[12.5,55.7989],[12.4732,55.8021],[12.4351,55.8021],[12.4165,55.7951]]]},"properties":{"kode":"230","navn":"Rudersdal"}},{"type":"Feature","geometry":{"type":"Polygon","coordinates":[[[9.8588,56.1894],[9.8366,56.1928],[9.8054,56.1887],[9.7781,56.1968],[9.768,56.2119],[9.7869,56.2339],[9.7912,56.2495],[9.7707,56.2626],[9.7808,56.2711],[9.7653,56.2891],[9.7484,56.2957],[9.7279,56.293],[9.7005,56.3023],[9.6788,56.2997],[9.6758,56.3104],[9.6608,56.3152],[9.6707,56.3278],[9.7003,56.3266],[9.7217,56.3302],[9.7054,56.3429],[9.7018,56.3663],[9.6886,56.3758],[9.7302,56.3844],[9.7253,56.3912],[9.7426,56.3993],[9.741,56.4095],[9.7587,56.4202],[9.7566,56.429],[9.7762,56.4497],[9.788,56.4438],[9.8442,56.4475],[9.8498,56.4333],[9.8422,56.4158],[9.8079,56.4198],[9.7979,56.4135],[9.8184,56.3962],[9.8367,56.395],[9.8471,56.388],[9.8793,56.3794],[9.909,56.3832],[9.9083,56.3939],[9.9379,56.3891],[9.9514,56.3699],[9.9682,56.3708],[9.9842,56.3824],[10.0039,56.3886],[10.0253,56.3873],[10.0449,56.3812],[10.0701,56.3834],[10.0951,56.3711],[10.1062,56.3801],[10.13,56.3815],[10.1409,56.3928],[10.1963,56.3911],[10.2059,56.39],[10.2354,56.3733],[10.2219,56.359],[10.1988,56.366],[10.1854,56.3615],[10.1837,56.3517],[10.1625,56.3465],[10.1607,56.329],[10.1979,56.3243],[10.1882,56.3097],[10.1644,56.3045],[10.15,56.3088],[10.1323,56.3055],[10.1254,56.2808],[10.1353,56.2676],[10.1267,56.2624],[10.1225,56.2247],[10.1165,56.216],[10.0835,56.2229],[10.0775,56.2284],[10.0224,56.2231],[9.9972,56.2155],[9.9909,56.2056],[9.9796,56.2129],[9.9403,56.216],[9.9321,56.2093],[9.898,56.2141],[9.88,56.1987],[9.8588,56.1894]]]},"properties":{"kode":"710","navn":"Favrskov"}},{"type":"Feature","geometry":{"type":"MultiPolygon","coordinates":[[[[11.8466,55.5636],[11.826,55.5613],[11.8203,55.5494],[11.8089,55.5437],[11.7666,55.539],[11.7537,55.547],[11.7391,55.5405],[11.7381,55.5178],[11.6988,55.5166],[11.6801,55.5089],[11.6634,55.5128],[11.6684,55.5341],[11.6797,55.532],[11.6871,55.5529],[11.6707,55.567],[11.6527,55.5701],[11.6281,55.566],[11.6199,55.5713],[11.5889,55.5736],[11.5813,55.5802],[11.5409,55.5912],[11.4859,55.5806],[11.4506,55.5765],[11.4364,55.5795],[11.4042,55.5878],[11.3994,55.6014],[11.3714,55.6276],[11.3784,55.6387],[11.3517,55.642],[11.3885,55.6572],[11.3783,55.6657],[11.3735,55.684],[11.3838,55.6867],[11.3878,55.6993],[11.4064,55.7117],[11.4131,55.733],[11.4259,55.737],[11.4595,55.735],[11.5344,55.7723],[11.5978,55.7679],[11.6222,55.7749],[11.6555,55.7729],[11.6779,55.7792],[11.7028,55.7905],[11.7439,55.7893],[11.7487,55.7749],[11.7404,55.7656],[11.7476,55.7572],[11.77,55.7501],[11.7488,55.7391],[11.6853,55.7356],[11.6527,55.7319],[11.6676,55.7155],[11.7495,55.7233],[11.7836,55.7237],[11.7921,55.7131],[11.7907,55.7018],[11.8074,55.6933],[11.805,55.6818],[11.7885,55.678],[11.7756,55.6674],[11.7791,55.6584],[11.779,55.6515],[11.7967,55.6402],[11.8111,55.6064],[11.8229,55.5996],[11.822,55.5902],[11.8534,55.5819],[11.8466,55.5636]]],[[[11.8271,55.7985],[11.8418,55.7967],[11.848,55.7809],[11.8337,55.7617],[11.8113,55.7505],[11.7845,55.7658],[11.775,55.7825],[11.7957,55.7887],[11.8162,55.7826],[11.8271,55.7985]]]]},"properties":{"kode":"316","navn":"Holbæk"}},{"type":"Feature","geometry":{"type":"Polygon","coordinates":[[[9.559,55.9159],[9.5583,55.9054],[9.4699,55.9068],[9.4105,55.9147],[9.387,55.9241],[9.3504,55.9381],[9.3355,55.9314],[9.311,55.9377],[9.2807,55.9383],[9.2573,55.9535],[9.2194,55.9547],[9.1952,55.9307],[9.1959,55.9169],[9.15,55.8836],[9.1349,55.8818],[9.1176,55.8693],[9.0973,55.8772],[9.0849,55.8669],[9.0709,55.8445],[9.0588,55.8507],[9.0463,55.8365],[9.0301,55.8406],[9.0095,55.8307],[8.9924,55.839],[8.9594,55.8417],[8.9675,55.8652],[8.9655,55.8849],[8.9986,55.915],[8.998,55.9471],[9.0128,55.9686],[8.9923,55.9744],[8.9825,55.9832],[8.986,55.9926],[9.0096,55.9929],[9.0469,55.9829],[9.1063,55.991],[9.1322,56.001],[9.1257,56.025],[9.1665,56.0235],[9.1878,56.0511],[9.1527,56.055],[9.1782,56.0636],[9.1403,56.0674],[9.1199,56.0961],[9.1015,56.1037],[9.1104,56.1229],[9.1038,56.1391],[9.1124,56.1613],[9.0708,56.1748],[9.1067,56.2088],[9.1496,56.2089],[9.1429,56.2321],[9.1561,56.2365],[9.1113,56.2673],[9.1868,56.2683],[9.2015,56.2639],[9.1902,56.2421],[9.2229,56.2191],[9.2324,56.2258],[9.2797,56.2052],[9.3146,56.2065],[9.322,56.1999],[9.3513,56.1932],[9.3717,56.1735],[9.3909,56.173],[9.3863,56.1517],[9.3933,56.1451],[9.4226,56.1367],[9.4038,56.1291],[9.4112,56.1049],[9.4189,56.0948],[9.3817,56.0883],[9.3457,56.0982],[9.3187,56.0892],[9.3081,56.0761],[9.348,56.0539],[9.3452,56.0271],[9.3841,56.0251],[9.4182,56.0286],[9.436,56.0048],[9.4623,55.994],[9.5033,55.9716],[9.5134,55.9335],[9.5347,55.9195],[9.559,55.9159]]]},"properties":{"kode":"756","navn":"Ikast-Brande"}},{"type":"Feature","geometry":{"type":"Polygon","coordinates":[[[12.255,55.5536],[12.2176,55.5581],[12.1899,55.5658],[12.1832,55.5775],[12.1381,55.5862],[12.1459,55.6008],[12.1596,55.6128],[12.2095,55.6046],[12.2152,55.6177],[12.2432,55.6135],[12.276,55.6221],[12.3156,55.6092],[12.3366,55.6084],[12.3606,55.6007],[12.3633,55.594],[12.3021,55.577],[12.255,55.5536]]]},"properties":{"kode":"253","navn":"Greve"}},{"type":"Feature","geometry":{"type":"Polygon","coordinates":[[[9.6109,56.6799],[9.6208,56.6865],[9.6259,56.7007],[9.588,56.7088],[9.5769,56.7317],[9.5331,56.7385],[9.5184,56.743],[9.5451,56.7628],[9.5472,56.7756],[9.5668,56.7851],[9.5885,56.803],[9.6179,56.7951],[9.6126,56.8187],[9.6226,56.8358],[9.6454,56.8621],[9.6186,56.8678],[9.6104,56.8821],[9.5907,56.883],[9.5748,56.889],[9.5918,56.8913],[9.6126,56.9134],[9.6286,56.9135],[9.646,56.9264],[9.7149,56.9209],[9.7098,56.933],[9.7203,56.9391],[9.7097,56.9603],[9.7291,56.9705],[9.7552,56.9709],[9.7678,56.9635],[9.8133,56.9589],[9.8129,56.9486],[9.8366,56.9422],[9.8302,56.9214],[9.8364,56.9073],[9.8723,56.8926],[9.9057,56.8854],[9.9211,56.8948],[9.9633,56.9062],[10.0037,56.9005],[10.0357,56.9109],[10.0573,56.9111],[10.0599,56.8913],[10.103,56.8776],[10.1372,56.8701],[10.1636,56.8704],[10.1532,56.8496],[10.1863,56.8182],[10.198,56.8111],[10.2279,56.796],[10.2258,56.7926],[10.1797,56.7977],[10.1659,56.7852],[10.1243,56.7685],[10.0661,56.7553],[10.0451,56.7702],[10.058,56.7808],[10.0507,56.7944],[9.9965,56.7909],[9.9543,56.7959],[9.9331,56.8037],[9.9055,56.7966],[9.86,56.8034],[9.8441,56.8011],[9.8183,56.8065],[9.7976,56.8158],[9.777,56.792],[9.7881,56.7781],[9.7786,56.7649],[9.7932,56.7539],[9.8124,56.7487],[9.8,56.7377],[9.7604,56.7346],[9.742,56.7063],[9.7271,56.7022],[9.7171,56.6838],[9.7217,56.6661],[9.7128,56.6514],[9.6944,56.6562],[9.6707,56.6551],[9.6403,56.6713],[9.6109,56.6799]]]},"properties":{"kode":"840","navn":"Rebild"}},{"type":"Feature","geometry":{"type":"MultiPolygon","coordinates":[[[[11.1591,55.1718],[11.1795,55.1667],[11.1628,55.1584],[11.151,55.1401],[11.1333,55.1599],[11.1591,55.1718]]],[[[10.9453,55.3249],[10.9725,55.3397],[10.9915,55.3355],[10.9453,55.3249]]],[[[11.1907,55.4627],[11.2138,55.4622],[11.2451,55.4747],[11.27,55.4618],[11.3051,55.4666],[11.3084,55.4737],[11.3271,55.4781],[11.3381,55.467],[11.356,55.4586],[11.3965,55.4773],[11.4008,55.4917],[11.4223,55.4959],[11.4377,55.5],[11.4441,55.5091],[11.4686,55.5061],[11.4855,55.4913],[11.4615,55.4794],[11.4777,55.4728],[11.4857,55.4633],[11.5006,55.4593],[11.514,55.4355],[11.5028,55.4222],[11.5059,55.4055],[11.4851,55.4011],[11.4913,55.3808],[11.5215,55.3638],[11.51,55.3471],[11.4995,55.3467],[11.4773,55.3359],[11.4604,55.3215],[11.4644,55.3093],[11.4353,55.297],[11.4414,55.2903],[11.4707,55.2877],[11.4719,55.271],[11.4944,55.2323],[11.4918,55.2202],[11.5083,55.2198],[11.5092,55.2021],[11.5164,55.1979],[11.4683,55.2095],[11.4552,55.2168],[11.4293,55.2186],[11.4175,55.203],[11.4389,55.2063],[11.4544,55.1927],[11.4342,55.1858],[11.4164,55.1921],[11.4129,55.2064],[11.3614,55.2005],[11.3181,55.2103],[11.3118,55.2003],[11.2954,55.1927],[11.2783,55.2008],[11.2596,55.2007],[11.2442,55.2079],[11.2496,55.2219],[11.2354,55.2391],[11.2471,55.2406],[11.2813,55.2361],[11.2838,55.2448],[11.3062,55.267],[11.2873,55.2737],[11.2846,55.2526],[11.2711,55.2446],[11.2448,55.2468],[11.2453,55.26],[11.2349,55.2863],[11.2002,55.2998],[11.1746,55.3059],[11.1547,55.3188],[11.1302,55.3262],[11.1296,55.3322],[11.184,55.3255],[11.2054,55.3363],[11.2075,55.3424],[11.1805,55.354],[11.1571,55.351],[11.1628,55.3374],[11.1409,55.3315],[11.0941,55.3521],[11.1108,55.3682],[11.12,55.3649],[11.1491,55.3672],[11.1748,55.3789],[11.202,55.3827],[11.2138,55.3924],[11.2134,55.4031],[11.195,55.4183],[11.2044,55.4432],[11.1907,55.4627]]],[[[11.2083,55.1866],[11.1745,55.1986],[11.1714,55.2287],[11.1935,55.2225],[11.2068,55.1982],[11.2083,55.1866]]]]},"properties":{"kode":"330","navn":"Slagelse"}},{"type":"Feature","geometry":{"type":"Polygon","coordinates":[[[12.3928,55.8396],[12.3684,55.8515],[12.3549,55.8379],[12.3142,55.8243],[12.3262,55.8124],[12.2971,55.8199],[12.2616,55.8163],[12.2382,55.8188],[12.2074,55.8278],[12.2313,55.8458],[12.2342,55.8534],[12.2627,55.8542],[12.2786,55.8648],[12.2747,55.8823],[12.2998,55.8847],[12.3216,55.8907],[12.3731,55.8992],[12.3885,55.897],[12.3975,55.887],[12.3981,55.8775],[12.4267,55.8674],[12.4128,55.8501],[12.3928,55.8396]]]},"properties":{"kode":"201","navn":"Allerød"}},{"type":"Feature","geometry":{"type":"Polygon","coordinates":[[[11.6634,55.5128],[11.6442,55.5066],[11.6368,55.4908],[11.6402,55.4796],[11.6598,55.4736],[11.6641,55.4646],[11.6873,55.4576],[11.6886,55.4484],[11.7108,55.4455],[11.7016,55.4264],[11.6919,55.4185],[11.7077,55.4127],[11.7052,55.4051],[11.6756,55.3914],[11.6573,55.3891],[11.6221,55.375],[11.5379,55.3723],[11.5215,55.3638],[11.4913,55.3808],[11.4851,55.4011],[11.5059,55.4055],[11.5028,55.4222],[11.514,55.4355],[11.5006,55.4593],[11.4857,55.4633],[11.4777,55.4728],[11.4615,55.4794],[11.4855,55.4913],[11.4686,55.5061],[11.4441,55.5091],[11.4377,55.5],[11.4223,55.4959],[11.4111,55.522],[11.3778,55.5209],[11.3408,55.5365],[11.3373,55.5486],[11.3805,55.5537],[11.4027,55.5462],[11.418,55.5486],[11.4428,55.5439],[11.4579,55.55],[11.452,55.5615],[11.4317,55.5612],[11.4364,55.5795],[11.4506,55.5765],[11.4859,55.5806],[11.5409,55.5912],[11.5813,55.5802],[11.5889,55.5736],[11.6199,55.5713],[11.6281,55.566],[11.6527,55.5701],[11.6707,55.567],[11.6871,55.5529],[11.6797,55.532],[11.6684,55.5341],[11.6634,55.5128]]]},"properties":{"kode":"340","navn":"Sorø"}},{"type":"Feature","geometry":{"type":"Polygon","coordinates":[[[8.892,55.3231],[8.8995,55.3414],[8.8867,55.3451],[8.8734,55.3663],[8.8974,55.3648],[8.9107,55.3813],[8.9327,55.3811],[8.9371,55.3933],[8.9202,55.4086],[8.867,55.4089],[8.8673,55.4373],[8.8456,55.4377],[8.8465,55.4502],[8.8358,55.4526],[8.8619,55.4713],[8.87,55.4923],[8.8594,55.4998],[8.8571,55.5125],[8.8138,55.5209],[8.8012,55.5368],[8.7622,55.5534],[8.7745,55.5794],[8.8107,55.5881],[8.8767,55.5964],[8.904,55.6071],[8.9145,55.6178],[8.903,55.6257],[8.929,55.6277],[8.9771,55.6234],[8.9932,55.6183],[8.9934,55.6058],[9.0692,55.6012],[9.0824,55.5935],[9.1114,55.6005],[9.1234,55.6075],[9.1538,55.6146],[9.185,55.6184],[9.2196,55.6156],[9.22,55.6034],[9.2349,55.5923],[9.2778,55.5851],[9.2726,55.5732],[9.2793,55.551],[9.2663,55.5493],[9.2621,55.535],[9.3034,55.4981],[9.2872,55.4873],[9.2698,55.4893],[9.2624,55.4799],[9.2613,55.4647],[9.2415,55.455],[9.2205,55.4591],[9.2237,55.4352],[9.2157,55.424],[9.2261,55.4181],[9.2296,55.4004],[9.2845,55.3878],[9.2809,55.3789],[9.2536,55.3819],[9.2385,55.3749],[9.2407,55.3613],[9.2263,55.3514],[9.2151,55.3339],[9.1977,55.3419],[9.188,55.3238],[9.1874,55.3032],[9.1988,55.2974],[9.1772,55.2898],[9.1617,55.2894],[9.1156,55.2968],[9.1165,55.323],[9.1096,55.3355],[9.0685,55.3108],[9.0642,55.3152],[9.0295,55.3228],[9.0249,55.3318],[8.9755,55.3381],[8.967,55.3237],[8.9398,55.3126],[8.9068,55.3231],[8.892,55.3231]]]},"properties":{"kode":"575","navn":"Vejen"}},{"type":"Feature","geometry":{"type":"Polygon","coordinates":[[[12.4529,55.6648],[12.4427,55.6715],[12.4247,55.6695],[12.4324,55.6887],[12.4286,55.7076],[12.453,55.7122],[12.4637,55.7029],[12.4672,55.6858],[12.4782,55.6655],[12.4529,55.6648]]]},"properties":{"kode":"175","navn":"Rødovre"}},{"type":"Feature","geometry":{"type":"Polygon","coordinates":[[[12.3466,55.6376],[12.3788,55.6149],[12.3876,55.6127],[12.3942,55.6055],[12.3633,55.594],[12.3606,55.6007],[12.3366,55.6084],[12.3156,55.6092],[12.276,55.6221],[12.2432,55.6135],[12.2152,55.6177],[12.2125,55.6348],[12.2455,55.6334],[12.3083,55.6372],[12.3466,55.6376]]]},"properties":{"kode":"183","navn":"Ishøj"}},{"type":"Feature","geometry":{"type":"Polygon","coordinates":[[[12.5215,55.7278],[12.5181,55.7415],[12.5007,55.7475],[12.5005,55.7596],[12.5233,55.764],[12.5392,55.7737],[12.5637,55.7708],[12.593,55.7794],[12.6,55.7596],[12.5803,55.7322],[12.5831,55.7218],[12.5215,55.7278]]]},"properties":{"kode":"157","navn":"Gentofte"}},{"type":"Feature","geometry":{"type":"MultiPolygon","coordinates":[[[[11.7052,55.4051],[11.7318,55.4083],[11.738,55.401],[11.7863,55.3687],[11.8072,55.3714],[11.8597,55.3563],[11.8656,55.3519],[11.8872,55.3427],[11.8831,55.3354],[11.8504,55.3264],[11.8587,55.3183],[11.8432,55.3098],[11.8539,55.2905],[11.8998,55.2817],[11.9057,55.2707],[11.9353,55.257],[11.9448,55.2435],[11.9731,55.2494],[11.9819,55.236],[11.9731,55.2251],[12.0166,55.2168],[12.0278,55.205],[12.0238,55.1861],[12.0475,55.172],[12.0297,55.1665],[12.0114,55.147],[11.9815,55.1396],[11.9634,55.1397],[11.9513,55.1549],[11.9271,55.1402],[11.8982,55.1373],[11.8821,55.1271],[11.8701,55.13],[11.8493,55.1149],[11.8215,55.1249],[11.8163,55.1309],[11.8145,55.1452],[11.7954,55.1536],[11.7849,55.1475],[11.7696,55.1566],[11.7333,55.1521],[11.7133,55.1588],[11.7142,55.1685],[11.7406,55.179],[11.7315,55.2014],[11.7156,55.2071],[11.6924,55.2086],[11.6721,55.2006],[11.6392,55.1765],[11.5968,55.1901],[11.5491,55.1906],[11.5164,55.1979],[11.5092,55.2021],[11.5083,55.2198],[11.4918,55.2202],[11.4944,55.2323],[11.4719,55.271],[11.4707,55.2877],[11.4414,55.2903],[11.4353,55.297],[11.4644,55.3093],[11.4604,55.3215],[11.4773,55.3359],[11.4995,55.3467],[11.51,55.3471],[11.5215,55.3638],[11.5379,55.3723],[11.6221,55.375],[11.6573,55.3891],[11.6756,55.3914],[11.7052,55.4051]]],[[[11.6935,55.1717],[11.687,55.1757],[11.7012,55.202],[11.7325,55.1957],[11.7155,55.1721],[11.6935,55.1717]]],[[[11.7113,55.1412],[11.6821,55.1593],[11.6532,55.1684],[11.6796,55.1798],[11.6794,55.1623],[11.7105,55.149],[11.7113,55.1412]]]]},"properties":{"kode":"370","navn":"Næstved"}},{"type":"Feature","geometry":{"type":"Polygon","coordinates":[[[10.5761,55.3426],[10.552,55.3227],[10.5174,55.3205],[10.4903,55.3229],[10.4615,55.3183],[10.4603,55.3123],[10.4243,55.3094],[10.4111,55.3332],[10.3513,55.3202],[10.334,55.3075],[10.3486,55.2984],[10.3408,55.2919],[10.3154,55.2927],[10.3006,55.2881],[10.2789,55.2978],[10.2843,55.3108],[10.2617,55.3146],[10.257,55.3269],[10.2589,55.3483],[10.2128,55.3659],[10.1877,55.3614],[10.1829,55.3693],[10.1966,55.3806],[10.2027,55.4056],[10.2167,55.4108],[10.2226,55.4221],[10.2455,55.4277],[10.2417,55.4395],[10.2578,55.4434],[10.2587,55.4545],[10.2833,55.4554],[10.3086,55.4789],[10.3337,55.4634],[10.345,55.4755],[10.3737,55.4808],[10.3925,55.4745],[10.3955,55.4663],[10.4383,55.4701],[10.434,55.4487],[10.425,55.4388],[10.4688,55.4383],[10.4983,55.453],[10.5087,55.4402],[10.5264,55.4327],[10.524,55.4197],[10.4808,55.4183],[10.5006,55.4058],[10.5059,55.3878],[10.5368,55.362],[10.5761,55.3426]]]},"properties":{"kode":"461","navn":"Odense"}},{"type":"Feature","geometry":{"type":"Polygon","coordinates":[[[8.4261,55.3524],[8.3994,55.388],[8.3655,55.4238],[8.3296,55.4439],[8.3274,55.456],[8.3509,55.4653],[8.3715,55.4694],[8.4095,55.4647],[8.4056,55.4351],[8.4207,55.425],[8.4329,55.4362],[8.4547,55.4322],[8.4664,55.406],[8.4508,55.3977],[8.449,55.3894],[8.4675,55.3771],[8.4713,55.3578],[8.4819,55.3539],[8.4706,55.3389],[8.4514,55.3412],[8.4261,55.3524]]]},"properties":{"kode":"563","navn":"Fanø"}},{"type":"Feature","geometry":{"type":"Polygon","coordinates":[[[9.387,55.9241],[9.3864,55.9192],[9.4125,55.8924],[9.4304,55.8867],[9.4602,55.8619],[9.4473,55.8347],[9.4834,55.8327],[9.5037,55.8271],[9.508,55.8025],[9.5194,55.7959],[9.5203,55.7857],[9.5409,55.7837],[9.5643,55.7729],[9.5857,55.7813],[9.5967,55.773],[9.5849,55.7641],[9.5928,55.7525],[9.6246,55.7583],[9.6519,55.7596],[9.6815,55.7495],[9.6845,55.7359],[9.672,55.7122],[9.5796,55.7043],[9.5646,55.7092],[9.5569,55.6991],[9.5886,55.69],[9.6404,55.6942],[9.6656,55.6924],[9.686,55.6828],[9.6885,55.6758],[9.7379,55.6585],[9.7498,55.6276],[9.737,55.6179],[9.7033,55.6088],[9.6684,55.6022],[9.6646,55.6195],[9.6269,55.6212],[9.6202,55.6067],[9.5988,55.6063],[9.5865,55.6013],[9.5583,55.5785],[9.5362,55.5809],[9.5225,55.59],[9.5229,55.6109],[9.4937,55.6298],[9.4972,55.6121],[9.4501,55.5759],[9.4138,55.5712],[9.3928,55.5823],[9.3647,55.5753],[9.3561,55.5669],[9.3207,55.5838],[9.3028,55.5795],[9.2778,55.5851],[9.2349,55.5923],[9.22,55.6034],[9.2196,55.6156],[9.185,55.6184],[9.1887,55.6279],[9.159,55.6292],[9.1499,55.639],[9.1592,55.6848],[9.1677,55.6954],[9.1491,55.7023],[9.1579,55.7158],[9.1537,55.7338],[9.1745,55.7371],[9.179,55.7465],[9.1342,55.7487],[9.1143,55.753],[9.1171,55.7667],[9.1008,55.7704],[9.0845,55.7669],[9.0548,55.7691],[9.065,55.8112],[9.0581,55.814],[9.0777,55.8394],[9.0709,55.8445],[9.0849,55.8669],[9.0973,55.8772],[9.1176,55.8693],[9.1349,55.8818],[9.15,55.8836],[9.1959,55.9169],[9.1952,55.9307],[9.2194,55.9547],[9.2573,55.9535],[9.2807,55.9383],[9.311,55.9377],[9.3355,55.9314],[9.3504,55.9381],[9.387,55.9241]]]},"properties":{"kode":"630","navn":"Vejle"}},{"type":"Feature","geometry":{"type":"Polygon","coordinates":[[[12.5005,55.7596],[12.4795,55.7604],[12.4876,55.7728],[12.4584,55.7727],[12.4389,55.7767],[12.4133,55.7757],[12.4165,55.7951],[12.4351,55.8021],[12.4732,55.8021],[12.5,55.7989],[12.5239,55.8043],[12.5446,55.8036],[12.5682,55.8096],[12.5821,55.8079],[12.5954,55.7881],[12.593,55.7794],[12.5637,55.7708],[12.5392,55.7737],[12.5233,55.764],[12.5005,55.7596]]]},"properties":{"kode":"173","navn":"Lyngby-Taarbæk"}}]}